2026-07-13 17:06:46 - wildfire_susceptibility - INFO - Logger initialized: wildfire_susceptibility
2026-07-13 17:06:46 - wildfire_susceptibility - INFO - [stage_static] Building static features...
2026-07-13 17:06:46 - wildfire_susceptibility.utils.checkpoint - INFO - [CACHED] BoundaryBuilder: outputs already exist, skipping computation
2026-07-13 17:06:46 - wildfire_susceptibility.utils.checkpoint - INFO - [CACHED] TopographyBuilder: outputs already exist, skipping computation
2026-07-13 17:06:46 - wildfire_susceptibility.utils.checkpoint - INFO - [CACHED] ProximityBuilder: outputs already exist, skipping computation
2026-07-13 17:06:46 - wildfire_susceptibility - INFO - [stage_static] Complete — 9 output path(s).
2026-07-13 17:06:46 - wildfire_susceptibility - INFO - [stage_seasonal] [summer] Building seasonal features...
2026-07-13 17:06:46 - wildfire_susceptibility.utils.checkpoint - INFO - [CACHED] ClimateBuilder[summer][train]: outputs already exist, skipping computation
2026-07-13 17:06:46 - wildfire_susceptibility.utils.checkpoint - INFO - [CACHED] ClimateBuilder[summer][test]: outputs already exist, skipping computation
2026-07-13 17:06:46 - wildfire_susceptibility - INFO - [stage_labels] [summer] Building fire labels...
2026-07-13 17:06:46 - wildfire_susceptibility.utils.checkpoint - INFO - [CACHED] FireBuilder[summer]: outputs already exist, skipping computation
2026-07-13 17:06:46 - wildfire_susceptibility.utils.checkpoint - INFO - [CACHED] KDClassifier[conv][summer_train]: outputs already exist, skipping computation
2026-07-13 17:06:46 - wildfire_susceptibility.utils.checkpoint - INFO - [CACHED] KDClassifier[convolution][gmm][summer_train]: outputs already exist, skipping computation
2026-07-13 17:06:46 - wildfire_susceptibility.utils.checkpoint - INFO - [CACHED] KDClassifier[conv][summer_test]: outputs already exist, skipping computation
2026-07-13 17:06:47 - wildfire_susceptibility.utils.checkpoint - INFO - [CACHED] KDClassifier[convolution][gmm][summer_test]: outputs already exist, skipping computation
2026-07-13 17:06:47 - wildfire_susceptibility - INFO - [stage_integration] [CACHED] summer/train -> dataset_train_summer.csv
2026-07-13 17:06:47 - wildfire_susceptibility - INFO - [stage_integration] [CACHED] summer/test -> dataset_test_summer.csv
2026-07-13 17:10:08 - wildfire_susceptibility - INFO - Logger initialized: wildfire_susceptibility
2026-07-13 17:10:08 - wildfire_susceptibility - INFO - === Running stage: static ===
2026-07-13 17:10:08 - wildfire_susceptibility - INFO - [stage_static] Building static features...
2026-07-13 17:10:08 - wildfire_susceptibility.utils.checkpoint - INFO - [CACHED] BoundaryBuilder: outputs already exist, skipping computation
2026-07-13 17:10:08 - wildfire_susceptibility.utils.checkpoint - INFO - [CACHED] TopographyBuilder: outputs already exist, skipping computation
2026-07-13 17:10:08 - wildfire_susceptibility.utils.checkpoint - INFO - [CACHED] ProximityBuilder: outputs already exist, skipping computation
2026-07-13 17:10:08 - wildfire_susceptibility - INFO - [stage_static] Complete — 9 output path(s).
2026-07-13 17:10:08 - wildfire_susceptibility - INFO - === Stage complete: static ===
2026-07-13 17:10:08 - wildfire_susceptibility - INFO - === Running stage: seasonal ===
2026-07-13 17:10:08 - wildfire_susceptibility - INFO - [stage_seasonal] [summer] Building seasonal features...
2026-07-13 17:10:08 - wildfire_susceptibility.utils.checkpoint - INFO - [CACHED] ClimateBuilder[summer][train]: outputs already exist, skipping computation
2026-07-13 17:10:08 - wildfire_susceptibility.utils.checkpoint - INFO - [CACHED] ClimateBuilder[summer][test]: outputs already exist, skipping computation
2026-07-13 17:10:08 - wildfire_susceptibility - INFO - === Stage complete: seasonal ===
2026-07-13 17:10:08 - wildfire_susceptibility - INFO - === Running stage: labels ===
2026-07-13 17:10:08 - wildfire_susceptibility - INFO - [stage_labels] [summer] Building fire labels...
2026-07-13 17:10:08 - wildfire_susceptibility.utils.checkpoint - INFO - [CACHED] FireBuilder[summer]: outputs already exist, skipping computation
2026-07-13 17:10:08 - wildfire_susceptibility.utils.checkpoint - INFO - [CACHED] KDClassifier[conv][summer_train]: outputs already exist, skipping computation
2026-07-13 17:10:09 - wildfire_susceptibility.utils.checkpoint - INFO - [CACHED] KDClassifier[convolution][gmm][summer_train]: outputs already exist, skipping computation
2026-07-13 17:10:09 - wildfire_susceptibility.utils.checkpoint - INFO - [CACHED] KDClassifier[conv][summer_test]: outputs already exist, skipping computation
2026-07-13 17:10:09 - wildfire_susceptibility.utils.checkpoint - INFO - [CACHED] KDClassifier[convolution][gmm][summer_test]: outputs already exist, skipping computation
2026-07-13 17:10:09 - wildfire_susceptibility - INFO - === Stage complete: labels ===
2026-07-13 17:10:09 - wildfire_susceptibility - INFO - === Running stage: integration ===
2026-07-13 17:10:09 - wildfire_susceptibility - INFO - [stage_integration] [CACHED] summer/train -> dataset_train_summer.csv
2026-07-13 17:10:09 - wildfire_susceptibility - INFO - [stage_integration] [CACHED] summer/test -> dataset_test_summer.csv
2026-07-13 17:10:09 - wildfire_susceptibility - INFO - === Stage complete: integration ===
2026-07-13 17:26:53 - wildfire_susceptibility - INFO - Logger initialized: wildfire_susceptibility
2026-07-13 17:26:53 - wildfire_susceptibility - INFO - === Running stage: preprocessing ===
2026-07-13 17:26:53 - wildfire_susceptibility - INFO - [stage_preprocessing] [summer] Imputing + cleaning labels...
2026-07-13 17:27:19 - wildfire_susceptibility.modeling.dataset_prep - INFO - Nearest-neighbor filled 38,868 in-domain NaNs in 'tas'
2026-07-13 17:27:20 - wildfire_susceptibility.modeling.dataset_prep - INFO - Nearest-neighbor filled 38,868 in-domain NaNs in 'tasmax'
2026-07-13 17:27:21 - wildfire_susceptibility.modeling.dataset_prep - INFO - Nearest-neighbor filled 38,868 in-domain NaNs in 'tasmin'
2026-07-13 17:27:21 - wildfire_susceptibility.modeling.dataset_prep - INFO - Nearest-neighbor filled 38,868 in-domain NaNs in 'rainfall'
2026-07-13 17:27:22 - wildfire_susceptibility.modeling.dataset_prep - INFO - Nearest-neighbor filled 38,868 in-domain NaNs in 'sfcWind'
2026-07-13 17:27:22 - wildfire_susceptibility.modeling.dataset_prep - INFO - Nearest-neighbor filled 38,868 in-domain NaNs in 'hurs'
2026-07-13 17:27:22 - wildfire_susceptibility.modeling.dataset_prep - INFO - Nearest-neighbor filled 38,868 in-domain NaNs in 'diurnal_range'
2026-07-13 17:27:23 - wildfire_susceptibility.modeling.dataset_prep - INFO - Dropped 2,610,933 in-domain rows...
2026-07-13 17:27:23 - wildfire_susceptibility.modeling.dataset_prep - INFO - No unresolved in-domain NaNs after imputation.
2026-07-13 17:27:39 - wildfire_susceptibility.modeling.label_cleaning - INFO - [summer_train] LabelCleaner: flagged 182,449 / 862,266 Low-class pixels (21.16%) as ambiguous.
2026-07-13 17:29:40 - wildfire_susceptibility.modeling.label_cleaning - INFO - [summer_train] Sensitivity analysis: 7 variants, max variance vs. baseline = 0.0514% -> label_cleaning_sensitivity_summer_train.csv
2026-07-13 17:29:41 - wildfire_susceptibility.modeling.dataset_prep - INFO - Nearest-neighbor filled 38,868 in-domain NaNs in 'tas'
2026-07-13 17:29:42 - wildfire_susceptibility.modeling.dataset_prep - INFO - Nearest-neighbor filled 38,868 in-domain NaNs in 'tasmax'
2026-07-13 17:29:42 - wildfire_susceptibility.modeling.dataset_prep - INFO - Nearest-neighbor filled 38,868 in-domain NaNs in 'tasmin'
2026-07-13 17:29:42 - wildfire_susceptibility.modeling.dataset_prep - INFO - Nearest-neighbor filled 38,868 in-domain NaNs in 'rainfall'
2026-07-13 17:29:43 - wildfire_susceptibility.modeling.dataset_prep - INFO - Nearest-neighbor filled 38,868 in-domain NaNs in 'sfcWind'
2026-07-13 17:29:43 - wildfire_susceptibility.modeling.dataset_prep - INFO - Nearest-neighbor filled 38,868 in-domain NaNs in 'hurs'
2026-07-13 17:29:44 - wildfire_susceptibility.modeling.dataset_prep - INFO - Nearest-neighbor filled 38,868 in-domain NaNs in 'diurnal_range'
2026-07-13 17:29:44 - wildfire_susceptibility.modeling.dataset_prep - INFO - Dropped 2,993,032 in-domain rows...
2026-07-13 17:29:44 - wildfire_susceptibility.modeling.dataset_prep - INFO - No unresolved in-domain NaNs after imputation.
2026-07-13 17:30:24 - wildfire_susceptibility - INFO - === Stage complete: preprocessing ===
2026-07-13 17:30:24 - wildfire_susceptibility - INFO - === Running stage: train ===
2026-07-13 17:30:29 - wildfire_susceptibility - INFO - [stage_train] [summer] Loading cleaned datasets...
2026-07-13 17:30:36 - wildfire_susceptibility.modeling.dataset_prep - INFO - Assigned 1,057,753 rows to 168 spatial blocks (5 km grid)
2026-07-13 17:30:36 - wildfire_susceptibility - INFO - [stage_train] [summer][random_forest] Search + refit...
2026-07-13 17:30:37 - wildfire_susceptibility.modeling.training.trainer - INFO - [summer][random_forest] search subsample: 50,000/1,057,753 rows
2026-07-13 17:30:37 - wildfire_susceptibility.modeling.training.trainer - INFO - [summer][random_forest] train shape=(1057753, 12) | search shape=(50000, 12) | class counts={0.0: 679817, 1.0: 297161, 2.0: 70067, 3.0: 10708}
2026-07-13 17:30:37 - wildfire_susceptibility.modeling.training.search - INFO - [summer][random_forest] finished=0 target=30 remaining=30
2026-07-13 17:30:37 - wildfire_susceptibility.modeling.training.cv - INFO - [summer][random_forest] trial 0 fold 1: fitting on 40,000 rows...
2026-07-13 17:31:19 - wildfire_susceptibility.modeling.training.search - INFO - [summer][random_forest] trial 0 fold 1 AUC=0.8163 | params={'n_estimators': 326, 'max_depth': 24, 'min_samples_leaf': 13, 'min_samples_split': 12, 'max_features': None, 'class_weight': 'balanced'}
2026-07-13 17:31:19 - wildfire_susceptibility.modeling.training.cv - INFO - [summer][random_forest] trial 0 fold 2: fitting on 40,000 rows...
2026-07-13 17:32:00 - wildfire_susceptibility.modeling.training.search - INFO - [summer][random_forest] trial 0 fold 2 AUC=0.8087 | params={'n_estimators': 326, 'max_depth': 24, 'min_samples_leaf': 13, 'min_samples_split': 12, 'max_features': None, 'class_weight': 'balanced'}
2026-07-13 17:32:00 - wildfire_susceptibility.modeling.training.cv - INFO - [summer][random_forest] trial 0 fold 3: fitting on 40,000 rows...
2026-07-13 17:32:41 - wildfire_susceptibility.modeling.training.search - INFO - [summer][random_forest] trial 0 fold 3 AUC=0.8237 | params={'n_estimators': 326, 'max_depth': 24, 'min_samples_leaf': 13, 'min_samples_split': 12, 'max_features': None, 'class_weight': 'balanced'}
2026-07-13 17:32:41 - wildfire_susceptibility.modeling.training.cv - INFO - [summer][random_forest] trial 0 fold 4: fitting on 40,000 rows...
2026-07-13 17:33:21 - wildfire_susceptibility.modeling.training.search - INFO - [summer][random_forest] trial 0 fold 4 AUC=0.8169 | params={'n_estimators': 326, 'max_depth': 24, 'min_samples_leaf': 13, 'min_samples_split': 12, 'max_features': None, 'class_weight': 'balanced'}
2026-07-13 17:33:21 - wildfire_susceptibility.modeling.training.cv - INFO - [summer][random_forest] trial 0 fold 5: fitting on 40,000 rows...
2026-07-13 17:34:02 - wildfire_susceptibility.modeling.training.search - INFO - [summer][random_forest] trial 0 fold 5 AUC=0.8046 | params={'n_estimators': 326, 'max_depth': 24, 'min_samples_leaf': 13, 'min_samples_split': 12, 'max_features': None, 'class_weight': 'balanced'}
2026-07-13 17:34:02 - wildfire_susceptibility.modeling.training.cv - INFO - [summer][random_forest] trial 1 fold 1: fitting on 40,000 rows...
2026-07-13 17:34:09 - wildfire_susceptibility.modeling.training.search - INFO - [summer][random_forest] trial 1 fold 1 AUC=0.7411 | params={'n_estimators': 388, 'max_depth': 4, 'min_samples_leaf': 7, 'min_samples_split': 20, 'max_features': 'log2', 'class_weight': 'balanced'}
2026-07-13 17:34:09 - wildfire_susceptibility.modeling.training.cv - INFO - [summer][random_forest] trial 1 fold 2: fitting on 40,000 rows...
2026-07-13 17:34:16 - wildfire_susceptibility.modeling.training.search - INFO - [summer][random_forest] trial 1 fold 2 AUC=0.7369 | params={'n_estimators': 388, 'max_depth': 4, 'min_samples_leaf': 7, 'min_samples_split': 20, 'max_features': 'log2', 'class_weight': 'balanced'}
2026-07-13 17:34:16 - wildfire_susceptibility.modeling.training.cv - INFO - [summer][random_forest] trial 1 fold 3: fitting on 40,000 rows...
2026-07-13 17:34:23 - wildfire_susceptibility.modeling.training.search - INFO - [summer][random_forest] trial 1 fold 3 AUC=0.7484 | params={'n_estimators': 388, 'max_depth': 4, 'min_samples_leaf': 7, 'min_samples_split': 20, 'max_features': 'log2', 'class_weight': 'balanced'}
2026-07-13 17:34:23 - wildfire_susceptibility.modeling.training.cv - INFO - [summer][random_forest] trial 1 fold 4: fitting on 40,000 rows...
2026-07-13 17:34:31 - wildfire_susceptibility.modeling.training.search - INFO - [summer][random_forest] trial 1 fold 4 AUC=0.7420 | params={'n_estimators': 388, 'max_depth': 4, 'min_samples_leaf': 7, 'min_samples_split': 20, 'max_features': 'log2', 'class_weight': 'balanced'}
2026-07-13 17:34:31 - wildfire_susceptibility.modeling.training.cv - INFO - [summer][random_forest] trial 1 fold 5: fitting on 40,000 rows...
2026-07-13 17:34:39 - wildfire_susceptibility.modeling.training.search - INFO - [summer][random_forest] trial 1 fold 5 AUC=0.7443 | params={'n_estimators': 388, 'max_depth': 4, 'min_samples_leaf': 7, 'min_samples_split': 20, 'max_features': 'log2', 'class_weight': 'balanced'}
2026-07-13 17:34:39 - wildfire_susceptibility.modeling.training.cv - INFO - [summer][random_forest] trial 2 fold 1: fitting on 40,000 rows...
2026-07-13 17:35:01 - wildfire_susceptibility.modeling.training.search - INFO - [summer][random_forest] trial 2 fold 1 AUC=0.8159 | params={'n_estimators': 168, 'max_depth': 23, 'min_samples_leaf': 13, 'min_samples_split': 17, 'max_features': None, 'class_weight': 'balanced'}
2026-07-13 17:35:01 - wildfire_susceptibility.modeling.training.cv - INFO - [summer][random_forest] trial 2 fold 2: fitting on 40,000 rows...
2026-07-13 17:35:22 - wildfire_susceptibility.modeling.training.search - INFO - [summer][random_forest] trial 2 fold 2 AUC=0.8079 | params={'n_estimators': 168, 'max_depth': 23, 'min_samples_leaf': 13, 'min_samples_split': 17, 'max_features': None, 'class_weight': 'balanced'}
2026-07-13 17:35:22 - wildfire_susceptibility.modeling.training.cv - INFO - [summer][random_forest] trial 2 fold 3: fitting on 40,000 rows...
2026-07-13 17:35:43 - wildfire_susceptibility.modeling.training.search - INFO - [summer][random_forest] trial 2 fold 3 AUC=0.8215 | params={'n_estimators': 168, 'max_depth': 23, 'min_samples_leaf': 13, 'min_samples_split': 17, 'max_features': None, 'class_weight': 'balanced'}
2026-07-13 17:35:43 - wildfire_susceptibility.modeling.training.cv - INFO - [summer][random_forest] trial 2 fold 4: fitting on 40,000 rows...
2026-07-13 17:36:04 - wildfire_susceptibility.modeling.training.search - INFO - [summer][random_forest] trial 2 fold 4 AUC=0.8164 | params={'n_estimators': 168, 'max_depth': 23, 'min_samples_leaf': 13, 'min_samples_split': 17, 'max_features': None, 'class_weight': 'balanced'}
2026-07-13 17:36:04 - wildfire_susceptibility.modeling.training.cv - INFO - [summer][random_forest] trial 2 fold 5: fitting on 40,000 rows...
2026-07-13 17:36:23 - wildfire_susceptibility.modeling.training.search - INFO - [summer][random_forest] trial 2 fold 5 AUC=0.8011 | params={'n_estimators': 168, 'max_depth': 23, 'min_samples_leaf': 13, 'min_samples_split': 17, 'max_features': None, 'class_weight': 'balanced'}
2026-07-13 17:36:23 - wildfire_susceptibility.modeling.training.cv - INFO - [summer][random_forest] trial 3 fold 1: fitting on 40,000 rows...
2026-07-13 17:37:03 - wildfire_susceptibility.modeling.training.search - INFO - [summer][random_forest] trial 3 fold 1 AUC=0.8332 | params={'n_estimators': 335, 'max_depth': 22, 'min_samples_leaf': 7, 'min_samples_split': 3, 'max_features': None, 'class_weight': 'balanced'}
2026-07-13 17:37:03 - wildfire_susceptibility.modeling.training.cv - INFO - [summer][random_forest] trial 3 fold 2: fitting on 40,000 rows...
2026-07-13 17:37:45 - wildfire_susceptibility.modeling.training.search - INFO - [summer][random_forest] trial 3 fold 2 AUC=0.8239 | params={'n_estimators': 335, 'max_depth': 22, 'min_samples_leaf': 7, 'min_samples_split': 3, 'max_features': None, 'class_weight': 'balanced'}
2026-07-13 17:37:45 - wildfire_susceptibility.modeling.training.cv - INFO - [summer][random_forest] trial 3 fold 3: fitting on 40,000 rows...
2026-07-13 17:38:22 - wildfire_susceptibility.modeling.training.search - INFO - [summer][random_forest] trial 3 fold 3 AUC=0.8412 | params={'n_estimators': 335, 'max_depth': 22, 'min_samples_leaf': 7, 'min_samples_split': 3, 'max_features': None, 'class_weight': 'balanced'}
2026-07-13 17:38:22 - wildfire_susceptibility.modeling.training.cv - INFO - [summer][random_forest] trial 3 fold 4: fitting on 40,000 rows...
2026-07-13 17:39:07 - wildfire_susceptibility.modeling.training.search - INFO - [summer][random_forest] trial 3 fold 4 AUC=0.8350 | params={'n_estimators': 335, 'max_depth': 22, 'min_samples_leaf': 7, 'min_samples_split': 3, 'max_features': None, 'class_weight': 'balanced'}
2026-07-13 17:39:07 - wildfire_susceptibility.modeling.training.cv - INFO - [summer][random_forest] trial 3 fold 5: fitting on 40,000 rows...
2026-07-13 17:39:52 - wildfire_susceptibility.modeling.training.search - INFO - [summer][random_forest] trial 3 fold 5 AUC=0.8193 | params={'n_estimators': 335, 'max_depth': 22, 'min_samples_leaf': 7, 'min_samples_split': 3, 'max_features': None, 'class_weight': 'balanced'}
2026-07-13 17:39:53 - wildfire_susceptibility.modeling.training.cv - INFO - [summer][random_forest] trial 4 fold 1: fitting on 40,000 rows...
2026-07-13 17:40:35 - wildfire_susceptibility.modeling.training.search - INFO - [summer][random_forest] trial 4 fold 1 AUC=0.8399 | params={'n_estimators': 241, 'max_depth': 13, 'min_samples_leaf': 4, 'min_samples_split': 11, 'max_features': None, 'class_weight': None}
2026-07-13 17:40:35 - wildfire_susceptibility.modeling.training.cv - INFO - [summer][random_forest] trial 4 fold 2: fitting on 40,000 rows...
2026-07-13 17:41:17 - wildfire_susceptibility.modeling.training.search - INFO - [summer][random_forest] trial 4 fold 2 AUC=0.8340 | params={'n_estimators': 241, 'max_depth': 13, 'min_samples_leaf': 4, 'min_samples_split': 11, 'max_features': None, 'class_weight': None}
2026-07-13 17:41:17 - wildfire_susceptibility.modeling.training.cv - INFO - [summer][random_forest] trial 4 fold 3: fitting on 40,000 rows...
2026-07-13 17:41:57 - wildfire_susceptibility.modeling.training.search - INFO - [summer][random_forest] trial 4 fold 3 AUC=0.8455 | params={'n_estimators': 241, 'max_depth': 13, 'min_samples_leaf': 4, 'min_samples_split': 11, 'max_features': None, 'class_weight': None}
2026-07-13 17:41:57 - wildfire_susceptibility.modeling.training.cv - INFO - [summer][random_forest] trial 4 fold 4: fitting on 40,000 rows...
2026-07-13 17:42:32 - wildfire_susceptibility.modeling.training.search - INFO - [summer][random_forest] trial 4 fold 4 AUC=0.8448 | params={'n_estimators': 241, 'max_depth': 13, 'min_samples_leaf': 4, 'min_samples_split': 11, 'max_features': None, 'class_weight': None}
2026-07-13 17:42:32 - wildfire_susceptibility.modeling.training.cv - INFO - [summer][random_forest] trial 4 fold 5: fitting on 40,000 rows...
2026-07-13 17:43:10 - wildfire_susceptibility.modeling.training.search - INFO - [summer][random_forest] trial 4 fold 5 AUC=0.8377 | params={'n_estimators': 241, 'max_depth': 13, 'min_samples_leaf': 4, 'min_samples_split': 11, 'max_features': None, 'class_weight': None}
2026-07-13 17:43:11 - wildfire_susceptibility.modeling.training.cv - INFO - [summer][random_forest] trial 5 fold 1: fitting on 40,000 rows...
2026-07-13 17:43:26 - wildfire_susceptibility.modeling.training.search - INFO - [summer][random_forest] trial 5 fold 1 AUC=0.8387 | params={'n_estimators': 279, 'max_depth': 14, 'min_samples_leaf': 10, 'min_samples_split': 14, 'max_features': 'log2', 'class_weight': None}
2026-07-13 17:43:26 - wildfire_susceptibility.modeling.training.cv - INFO - [summer][random_forest] trial 5 fold 2: fitting on 40,000 rows...
2026-07-13 17:43:39 - wildfire_susceptibility.modeling.training.search - INFO - [summer][random_forest] trial 5 fold 2 AUC=0.8321 | params={'n_estimators': 279, 'max_depth': 14, 'min_samples_leaf': 10, 'min_samples_split': 14, 'max_features': 'log2', 'class_weight': None}
2026-07-13 17:43:39 - wildfire_susceptibility.modeling.training.cv - INFO - [summer][random_forest] trial 5 fold 3: fitting on 40,000 rows...
2026-07-13 17:43:50 - wildfire_susceptibility.modeling.training.search - INFO - [summer][random_forest] trial 5 fold 3 AUC=0.8446 | params={'n_estimators': 279, 'max_depth': 14, 'min_samples_leaf': 10, 'min_samples_split': 14, 'max_features': 'log2', 'class_weight': None}
2026-07-13 17:43:50 - wildfire_susceptibility.modeling.training.cv - INFO - [summer][random_forest] trial 5 fold 4: fitting on 40,000 rows...
2026-07-13 17:44:04 - wildfire_susceptibility.modeling.training.search - INFO - [summer][random_forest] trial 5 fold 4 AUC=0.8439 | params={'n_estimators': 279, 'max_depth': 14, 'min_samples_leaf': 10, 'min_samples_split': 14, 'max_features': 'log2', 'class_weight': None}
2026-07-13 17:44:04 - wildfire_susceptibility.modeling.training.cv - INFO - [summer][random_forest] trial 5 fold 5: fitting on 40,000 rows...
2026-07-13 17:44:16 - wildfire_susceptibility.modeling.training.search - INFO - [summer][random_forest] trial 5 fold 5 AUC=0.8381 | params={'n_estimators': 279, 'max_depth': 14, 'min_samples_leaf': 10, 'min_samples_split': 14, 'max_features': 'log2', 'class_weight': None}
2026-07-13 17:44:16 - wildfire_susceptibility.modeling.training.cv - INFO - [summer][random_forest] trial 6 fold 1: fitting on 40,000 rows...
2026-07-13 17:44:23 - wildfire_susceptibility.modeling.training.search - INFO - [summer][random_forest] trial 6 fold 1 AUC=0.8085 | params={'n_estimators': 159, 'max_depth': 9, 'min_samples_leaf': 5, 'min_samples_split': 14, 'max_features': 'sqrt', 'class_weight': None}
2026-07-13 17:44:23 - wildfire_susceptibility.modeling.training.cv - INFO - [summer][random_forest] trial 6 fold 2: fitting on 40,000 rows...
2026-07-13 17:44:29 - wildfire_susceptibility.modeling.training.search - INFO - [summer][random_forest] trial 6 fold 2 AUC=0.8042 | params={'n_estimators': 159, 'max_depth': 9, 'min_samples_leaf': 5, 'min_samples_split': 14, 'max_features': 'sqrt', 'class_weight': None}
2026-07-13 17:44:29 - wildfire_susceptibility.modeling.training.cv - INFO - [summer][random_forest] trial 7 fold 1: fitting on 40,000 rows...
2026-07-13 17:45:17 - wildfire_susceptibility.modeling.training.search - INFO - [summer][random_forest] trial 7 fold 1 AUC=0.8364 | params={'n_estimators': 385, 'max_depth': 25, 'min_samples_leaf': 6, 'min_samples_split': 9, 'max_features': None, 'class_weight': 'balanced'}
2026-07-13 17:45:17 - wildfire_susceptibility.modeling.training.cv - INFO - [summer][random_forest] trial 7 fold 2: fitting on 40,000 rows...
2026-07-13 17:45:59 - wildfire_susceptibility.modeling.training.search - INFO - [summer][random_forest] trial 7 fold 2 AUC=0.8273 | params={'n_estimators': 385, 'max_depth': 25, 'min_samples_leaf': 6, 'min_samples_split': 9, 'max_features': None, 'class_weight': 'balanced'}
2026-07-13 17:45:59 - wildfire_susceptibility.modeling.training.cv - INFO - [summer][random_forest] trial 7 fold 3: fitting on 40,000 rows...
2026-07-13 17:46:49 - wildfire_susceptibility.modeling.training.search - INFO - [summer][random_forest] trial 7 fold 3 AUC=0.8449 | params={'n_estimators': 385, 'max_depth': 25, 'min_samples_leaf': 6, 'min_samples_split': 9, 'max_features': None, 'class_weight': 'balanced'}
2026-07-13 17:46:49 - wildfire_susceptibility.modeling.training.cv - INFO - [summer][random_forest] trial 7 fold 4: fitting on 40,000 rows...
2026-07-13 17:47:50 - wildfire_susceptibility.modeling.training.search - INFO - [summer][random_forest] trial 7 fold 4 AUC=0.8387 | params={'n_estimators': 385, 'max_depth': 25, 'min_samples_leaf': 6, 'min_samples_split': 9, 'max_features': None, 'class_weight': 'balanced'}
2026-07-13 17:47:50 - wildfire_susceptibility.modeling.training.cv - INFO - [summer][random_forest] trial 7 fold 5: fitting on 40,000 rows...
2026-07-13 17:48:52 - wildfire_susceptibility - INFO - Logger initialized: wildfire_susceptibility
2026-07-13 17:48:52 - wildfire_susceptibility - INFO - === Running stage: preprocessing ===
2026-07-13 17:48:52 - wildfire_susceptibility - INFO - [stage_preprocessing] [CACHED] summer -> dataset_train_summer_clean.csv, dataset_test_summer_clean.csv
2026-07-13 17:48:52 - wildfire_susceptibility - INFO - === Stage complete: preprocessing ===
2026-07-13 17:48:52 - wildfire_susceptibility - INFO - === Running stage: train ===
2026-07-13 17:48:53 - wildfire_susceptibility - INFO - [stage_train] [summer] Loading cleaned datasets...
2026-07-13 17:49:00 - wildfire_susceptibility.modeling.dataset_prep - INFO - Assigned 1,057,753 rows to 168 spatial blocks (5 km grid)
2026-07-13 17:49:00 - wildfire_susceptibility - INFO - [stage_train] [summer][random_forest] Search + refit...
2026-07-13 17:49:01 - wildfire_susceptibility.modeling.training.trainer - INFO - [summer][random_forest] search subsample: 50,000/1,057,753 rows
2026-07-13 17:49:01 - wildfire_susceptibility.modeling.training.trainer - INFO - [summer][random_forest] train shape=(1057753, 12) | search shape=(50000, 12) | class counts={0.0: 679817, 1.0: 297161, 2.0: 70067, 3.0: 10708}
2026-07-13 17:49:01 - wildfire_susceptibility.modeling.training.search - INFO - [summer][random_forest] removing 1 incomplete trial(s) from a previous run: [7]
2026-07-13 17:49:01 - wildfire_susceptibility.modeling.training.search - WARNING - Could not mark trial 7 as FAILED: Cannot tell a FAIL trial.
2026-07-13 17:49:01 - wildfire_susceptibility.modeling.training.search - INFO - [summer][random_forest] finished=7 target=30 remaining=23
2026-07-13 17:49:01 - wildfire_susceptibility.modeling.training.cv - INFO - [summer][random_forest] trial 8 fold 1: fitting on 40,000 rows...
2026-07-13 17:49:06 - wildfire_susceptibility.modeling.training.search - INFO - [summer][random_forest] trial 8 fold 1 AUC=0.8218 | params={'n_estimators': 119, 'max_depth': 16, 'min_samples_leaf': 12, 'min_samples_split': 13, 'max_features': 'sqrt', 'class_weight': 'balanced'}
2026-07-13 17:49:06 - wildfire_susceptibility.modeling.training.cv - INFO - [summer][random_forest] trial 8 fold 2: fitting on 40,000 rows...
2026-07-13 17:49:11 - wildfire_susceptibility.modeling.training.search - INFO - [summer][random_forest] trial 8 fold 2 AUC=0.8155 | params={'n_estimators': 119, 'max_depth': 16, 'min_samples_leaf': 12, 'min_samples_split': 13, 'max_features': 'sqrt', 'class_weight': 'balanced'}
2026-07-13 17:49:11 - wildfire_susceptibility.modeling.training.cv - INFO - [summer][random_forest] trial 8 fold 3: fitting on 40,000 rows...
2026-07-13 17:49:15 - wildfire_susceptibility.modeling.training.search - INFO - [summer][random_forest] trial 8 fold 3 AUC=0.8240 | params={'n_estimators': 119, 'max_depth': 16, 'min_samples_leaf': 12, 'min_samples_split': 13, 'max_features': 'sqrt', 'class_weight': 'balanced'}
2026-07-13 17:49:16 - wildfire_susceptibility.modeling.training.cv - INFO - [summer][random_forest] trial 9 fold 1: fitting on 40,000 rows...
2026-07-13 17:49:28 - wildfire_susceptibility.modeling.training.search - INFO - [summer][random_forest] trial 9 fold 1 AUC=0.8285 | params={'n_estimators': 230, 'max_depth': 13, 'min_samples_leaf': 15, 'min_samples_split': 7, 'max_features': 'sqrt', 'class_weight': None}
2026-07-13 17:49:28 - wildfire_susceptibility.modeling.training.cv - INFO - [summer][random_forest] trial 9 fold 2: fitting on 40,000 rows...
2026-07-13 17:49:39 - wildfire_susceptibility.modeling.training.search - INFO - [summer][random_forest] trial 9 fold 2 AUC=0.8219 | params={'n_estimators': 230, 'max_depth': 13, 'min_samples_leaf': 15, 'min_samples_split': 7, 'max_features': 'sqrt', 'class_weight': None}
2026-07-13 17:49:39 - wildfire_susceptibility.modeling.training.cv - INFO - [summer][random_forest] trial 9 fold 3: fitting on 40,000 rows...
2026-07-13 17:49:50 - wildfire_susceptibility.modeling.training.search - INFO - [summer][random_forest] trial 9 fold 3 AUC=0.8374 | params={'n_estimators': 230, 'max_depth': 13, 'min_samples_leaf': 15, 'min_samples_split': 7, 'max_features': 'sqrt', 'class_weight': None}
2026-07-13 17:49:50 - wildfire_susceptibility.modeling.training.cv - INFO - [summer][random_forest] trial 9 fold 4: fitting on 40,000 rows...
2026-07-13 17:50:01 - wildfire_susceptibility.modeling.training.search - INFO - [summer][random_forest] trial 9 fold 4 AUC=0.8353 | params={'n_estimators': 230, 'max_depth': 13, 'min_samples_leaf': 15, 'min_samples_split': 7, 'max_features': 'sqrt', 'class_weight': None}
2026-07-13 17:50:01 - wildfire_susceptibility.modeling.training.cv - INFO - [summer][random_forest] trial 9 fold 5: fitting on 40,000 rows...
2026-07-13 17:50:12 - wildfire_susceptibility.modeling.training.search - INFO - [summer][random_forest] trial 9 fold 5 AUC=0.8294 | params={'n_estimators': 230, 'max_depth': 13, 'min_samples_leaf': 15, 'min_samples_split': 7, 'max_features': 'sqrt', 'class_weight': None}
2026-07-13 17:50:12 - wildfire_susceptibility.modeling.training.cv - INFO - [summer][random_forest] trial 10 fold 1: fitting on 40,000 rows...
2026-07-13 17:50:24 - wildfire_susceptibility.modeling.training.search - INFO - [summer][random_forest] trial 10 fold 1 AUC=0.8069 | params={'n_estimators': 289, 'max_depth': 9, 'min_samples_leaf': 12, 'min_samples_split': 5, 'max_features': 'sqrt', 'class_weight': None}
2026-07-13 17:50:24 - wildfire_susceptibility.modeling.training.cv - INFO - [summer][random_forest] trial 10 fold 2: fitting on 40,000 rows...
2026-07-13 17:50:35 - wildfire_susceptibility.modeling.training.search - INFO - [summer][random_forest] trial 10 fold 2 AUC=0.8014 | params={'n_estimators': 289, 'max_depth': 9, 'min_samples_leaf': 12, 'min_samples_split': 5, 'max_features': 'sqrt', 'class_weight': None}
2026-07-13 17:50:35 - wildfire_susceptibility.modeling.training.cv - INFO - [summer][random_forest] trial 11 fold 1: fitting on 40,000 rows...
2026-07-13 17:51:20 - wildfire_susceptibility.modeling.training.search - INFO - [summer][random_forest] trial 11 fold 1 AUC=0.8640 | params={'n_estimators': 212, 'max_depth': 19, 'min_samples_leaf': 3, 'min_samples_split': 8, 'max_features': None, 'class_weight': None}
2026-07-13 17:51:20 - wildfire_susceptibility.modeling.training.cv - INFO - [summer][random_forest] trial 11 fold 2: fitting on 40,000 rows...
2026-07-13 17:52:04 - wildfire_susceptibility.modeling.training.search - INFO - [summer][random_forest] trial 11 fold 2 AUC=0.8543 | params={'n_estimators': 212, 'max_depth': 19, 'min_samples_leaf': 3, 'min_samples_split': 8, 'max_features': None, 'class_weight': None}
2026-07-13 17:52:05 - wildfire_susceptibility.modeling.training.cv - INFO - [summer][random_forest] trial 11 fold 3: fitting on 40,000 rows...
2026-07-13 17:52:50 - wildfire_susceptibility.modeling.training.search - INFO - [summer][random_forest] trial 11 fold 3 AUC=0.8633 | params={'n_estimators': 212, 'max_depth': 19, 'min_samples_leaf': 3, 'min_samples_split': 8, 'max_features': None, 'class_weight': None}
2026-07-13 17:52:50 - wildfire_susceptibility.modeling.training.cv - INFO - [summer][random_forest] trial 11 fold 4: fitting on 40,000 rows...
2026-07-13 17:53:37 - wildfire_susceptibility.modeling.training.search - INFO - [summer][random_forest] trial 11 fold 4 AUC=0.8629 | params={'n_estimators': 212, 'max_depth': 19, 'min_samples_leaf': 3, 'min_samples_split': 8, 'max_features': None, 'class_weight': None}
2026-07-13 17:53:37 - wildfire_susceptibility.modeling.training.cv - INFO - [summer][random_forest] trial 11 fold 5: fitting on 40,000 rows...
2026-07-13 17:54:27 - wildfire_susceptibility.modeling.training.search - INFO - [summer][random_forest] trial 11 fold 5 AUC=0.8568 | params={'n_estimators': 212, 'max_depth': 19, 'min_samples_leaf': 3, 'min_samples_split': 8, 'max_features': None, 'class_weight': None}
2026-07-13 17:54:28 - wildfire_susceptibility.modeling.training.cv - INFO - [summer][random_forest] trial 12 fold 1: fitting on 40,000 rows...
2026-07-13 17:55:11 - wildfire_susceptibility.modeling.training.search - INFO - [summer][random_forest] trial 12 fold 1 AUC=0.8633 | params={'n_estimators': 211, 'max_depth': 18, 'min_samples_leaf': 1, 'min_samples_split': 9, 'max_features': None, 'class_weight': None}
2026-07-13 17:55:11 - wildfire_susceptibility.modeling.training.cv - INFO - [summer][random_forest] trial 12 fold 2: fitting on 40,000 rows...
2026-07-13 17:55:53 - wildfire_susceptibility.modeling.training.search - INFO - [summer][random_forest] trial 12 fold 2 AUC=0.8535 | params={'n_estimators': 211, 'max_depth': 18, 'min_samples_leaf': 1, 'min_samples_split': 9, 'max_features': None, 'class_weight': None}
2026-07-13 17:55:53 - wildfire_susceptibility.modeling.training.cv - INFO - [summer][random_forest] trial 12 fold 3: fitting on 40,000 rows...
2026-07-13 17:56:32 - wildfire_susceptibility.modeling.training.search - INFO - [summer][random_forest] trial 12 fold 3 AUC=0.8620 | params={'n_estimators': 211, 'max_depth': 18, 'min_samples_leaf': 1, 'min_samples_split': 9, 'max_features': None, 'class_weight': None}
2026-07-13 17:56:32 - wildfire_susceptibility.modeling.training.cv - INFO - [summer][random_forest] trial 12 fold 4: fitting on 40,000 rows...
2026-07-13 17:57:08 - wildfire_susceptibility.modeling.training.search - INFO - [summer][random_forest] trial 12 fold 4 AUC=0.8637 | params={'n_estimators': 211, 'max_depth': 18, 'min_samples_leaf': 1, 'min_samples_split': 9, 'max_features': None, 'class_weight': None}
2026-07-13 17:57:08 - wildfire_susceptibility.modeling.training.cv - INFO - [summer][random_forest] trial 12 fold 5: fitting on 40,000 rows...
2026-07-13 17:57:45 - wildfire_susceptibility.modeling.training.search - INFO - [summer][random_forest] trial 12 fold 5 AUC=0.8552 | params={'n_estimators': 211, 'max_depth': 18, 'min_samples_leaf': 1, 'min_samples_split': 9, 'max_features': None, 'class_weight': None}
2026-07-13 17:57:45 - wildfire_susceptibility.modeling.training.cv - INFO - [summer][random_forest] trial 13 fold 1: fitting on 40,000 rows...
2026-07-13 17:58:21 - wildfire_susceptibility.modeling.training.search - INFO - [summer][random_forest] trial 13 fold 1 AUC=0.8660 | params={'n_estimators': 210, 'max_depth': 19, 'min_samples_leaf': 1, 'min_samples_split': 8, 'max_features': None, 'class_weight': None}
2026-07-13 17:58:21 - wildfire_susceptibility.modeling.training.cv - INFO - [summer][random_forest] trial 13 fold 2: fitting on 40,000 rows...
2026-07-13 17:58:58 - wildfire_susceptibility.modeling.training.search - INFO - [summer][random_forest] trial 13 fold 2 AUC=0.8561 | params={'n_estimators': 210, 'max_depth': 19, 'min_samples_leaf': 1, 'min_samples_split': 8, 'max_features': None, 'class_weight': None}
2026-07-13 17:58:58 - wildfire_susceptibility.modeling.training.cv - INFO - [summer][random_forest] trial 13 fold 3: fitting on 40,000 rows...
2026-07-13 17:59:30 - wildfire_susceptibility.modeling.training.search - INFO - [summer][random_forest] trial 13 fold 3 AUC=0.8644 | params={'n_estimators': 210, 'max_depth': 19, 'min_samples_leaf': 1, 'min_samples_split': 8, 'max_features': None, 'class_weight': None}
2026-07-13 17:59:30 - wildfire_susceptibility.modeling.training.cv - INFO - [summer][random_forest] trial 13 fold 4: fitting on 40,000 rows...
2026-07-13 18:00:03 - wildfire_susceptibility.modeling.training.search - INFO - [summer][random_forest] trial 13 fold 4 AUC=0.8661 | params={'n_estimators': 210, 'max_depth': 19, 'min_samples_leaf': 1, 'min_samples_split': 8, 'max_features': None, 'class_weight': None}
2026-07-13 18:00:03 - wildfire_susceptibility.modeling.training.cv - INFO - [summer][random_forest] trial 13 fold 5: fitting on 40,000 rows...
2026-07-13 18:00:37 - wildfire_susceptibility.modeling.training.search - INFO - [summer][random_forest] trial 13 fold 5 AUC=0.8583 | params={'n_estimators': 210, 'max_depth': 19, 'min_samples_leaf': 1, 'min_samples_split': 8, 'max_features': None, 'class_weight': None}
2026-07-13 18:00:37 - wildfire_susceptibility.modeling.training.cv - INFO - [summer][random_forest] trial 14 fold 1: fitting on 40,000 rows...
2026-07-13 18:01:12 - wildfire_susceptibility.modeling.training.search - INFO - [summer][random_forest] trial 14 fold 1 AUC=0.8659 | params={'n_estimators': 190, 'max_depth': 19, 'min_samples_leaf': 1, 'min_samples_split': 8, 'max_features': None, 'class_weight': None}
2026-07-13 18:01:12 - wildfire_susceptibility.modeling.training.cv - INFO - [summer][random_forest] trial 14 fold 2: fitting on 40,000 rows...
2026-07-13 18:01:46 - wildfire_susceptibility.modeling.training.search - INFO - [summer][random_forest] trial 14 fold 2 AUC=0.8562 | params={'n_estimators': 190, 'max_depth': 19, 'min_samples_leaf': 1, 'min_samples_split': 8, 'max_features': None, 'class_weight': None}
2026-07-13 18:01:46 - wildfire_susceptibility.modeling.training.cv - INFO - [summer][random_forest] trial 14 fold 3: fitting on 40,000 rows...
2026-07-13 18:02:21 - wildfire_susceptibility.modeling.training.search - INFO - [summer][random_forest] trial 14 fold 3 AUC=0.8643 | params={'n_estimators': 190, 'max_depth': 19, 'min_samples_leaf': 1, 'min_samples_split': 8, 'max_features': None, 'class_weight': None}
2026-07-13 18:02:21 - wildfire_susceptibility.modeling.training.cv - INFO - [summer][random_forest] trial 14 fold 4: fitting on 40,000 rows...
2026-07-13 18:02:55 - wildfire_susceptibility.modeling.training.search - INFO - [summer][random_forest] trial 14 fold 4 AUC=0.8663 | params={'n_estimators': 190, 'max_depth': 19, 'min_samples_leaf': 1, 'min_samples_split': 8, 'max_features': None, 'class_weight': None}
2026-07-13 18:02:55 - wildfire_susceptibility.modeling.training.cv - INFO - [summer][random_forest] trial 14 fold 5: fitting on 40,000 rows...
2026-07-13 18:03:19 - wildfire_susceptibility.modeling.training.search - INFO - [summer][random_forest] trial 14 fold 5 AUC=0.8579 | params={'n_estimators': 190, 'max_depth': 19, 'min_samples_leaf': 1, 'min_samples_split': 8, 'max_features': None, 'class_weight': None}
2026-07-13 18:03:19 - wildfire_susceptibility.modeling.training.cv - INFO - [summer][random_forest] trial 15 fold 1: fitting on 40,000 rows...
2026-07-13 18:03:41 - wildfire_susceptibility.modeling.training.search - INFO - [summer][random_forest] trial 15 fold 1 AUC=0.8682 | params={'n_estimators': 163, 'max_depth': 19, 'min_samples_leaf': 1, 'min_samples_split': 2, 'max_features': None, 'class_weight': None}
2026-07-13 18:03:41 - wildfire_susceptibility.modeling.training.cv - INFO - [summer][random_forest] trial 15 fold 2: fitting on 40,000 rows...
2026-07-13 18:04:02 - wildfire_susceptibility.modeling.training.search - INFO - [summer][random_forest] trial 15 fold 2 AUC=0.8614 | params={'n_estimators': 163, 'max_depth': 19, 'min_samples_leaf': 1, 'min_samples_split': 2, 'max_features': None, 'class_weight': None}
2026-07-13 18:04:02 - wildfire_susceptibility.modeling.training.cv - INFO - [summer][random_forest] trial 15 fold 3: fitting on 40,000 rows...
2026-07-13 18:04:24 - wildfire_susceptibility.modeling.training.search - INFO - [summer][random_forest] trial 15 fold 3 AUC=0.8690 | params={'n_estimators': 163, 'max_depth': 19, 'min_samples_leaf': 1, 'min_samples_split': 2, 'max_features': None, 'class_weight': None}
2026-07-13 18:04:24 - wildfire_susceptibility.modeling.training.cv - INFO - [summer][random_forest] trial 15 fold 4: fitting on 40,000 rows...
2026-07-13 18:04:46 - wildfire_susceptibility.modeling.training.search - INFO - [summer][random_forest] trial 15 fold 4 AUC=0.8714 | params={'n_estimators': 163, 'max_depth': 19, 'min_samples_leaf': 1, 'min_samples_split': 2, 'max_features': None, 'class_weight': None}
2026-07-13 18:04:46 - wildfire_susceptibility.modeling.training.cv - INFO - [summer][random_forest] trial 15 fold 5: fitting on 40,000 rows...
2026-07-13 18:05:08 - wildfire_susceptibility.modeling.training.search - INFO - [summer][random_forest] trial 15 fold 5 AUC=0.8622 | params={'n_estimators': 163, 'max_depth': 19, 'min_samples_leaf': 1, 'min_samples_split': 2, 'max_features': None, 'class_weight': None}
2026-07-13 18:05:08 - wildfire_susceptibility.modeling.training.cv - INFO - [summer][random_forest] trial 16 fold 1: fitting on 40,000 rows...
2026-07-13 18:05:24 - wildfire_susceptibility.modeling.training.search - INFO - [summer][random_forest] trial 16 fold 1 AUC=0.8742 | params={'n_estimators': 126, 'max_depth': 21, 'min_samples_leaf': 1, 'min_samples_split': 2, 'max_features': None, 'class_weight': None}
2026-07-13 18:05:24 - wildfire_susceptibility.modeling.training.cv - INFO - [summer][random_forest] trial 16 fold 2: fitting on 40,000 rows...
2026-07-13 18:05:41 - wildfire_susceptibility.modeling.training.search - INFO - [summer][random_forest] trial 16 fold 2 AUC=0.8599 | params={'n_estimators': 126, 'max_depth': 21, 'min_samples_leaf': 1, 'min_samples_split': 2, 'max_features': None, 'class_weight': None}
2026-07-13 18:05:41 - wildfire_susceptibility.modeling.training.cv - INFO - [summer][random_forest] trial 16 fold 3: fitting on 40,000 rows...
2026-07-13 18:06:00 - wildfire_susceptibility.modeling.training.search - INFO - [summer][random_forest] trial 16 fold 3 AUC=0.8711 | params={'n_estimators': 126, 'max_depth': 21, 'min_samples_leaf': 1, 'min_samples_split': 2, 'max_features': None, 'class_weight': None}
2026-07-13 18:06:00 - wildfire_susceptibility.modeling.training.cv - INFO - [summer][random_forest] trial 16 fold 4: fitting on 40,000 rows...
2026-07-13 18:06:21 - wildfire_susceptibility.modeling.training.search - INFO - [summer][random_forest] trial 16 fold 4 AUC=0.8694 | params={'n_estimators': 126, 'max_depth': 21, 'min_samples_leaf': 1, 'min_samples_split': 2, 'max_features': None, 'class_weight': None}
2026-07-13 18:06:21 - wildfire_susceptibility.modeling.training.cv - INFO - [summer][random_forest] trial 16 fold 5: fitting on 40,000 rows...
2026-07-13 18:06:38 - wildfire_susceptibility.modeling.training.search - INFO - [summer][random_forest] trial 16 fold 5 AUC=0.8615 | params={'n_estimators': 126, 'max_depth': 21, 'min_samples_leaf': 1, 'min_samples_split': 2, 'max_features': None, 'class_weight': None}
2026-07-13 18:06:38 - wildfire_susceptibility.modeling.training.cv - INFO - [summer][random_forest] trial 17 fold 1: fitting on 40,000 rows...
2026-07-13 18:06:42 - wildfire_susceptibility.modeling.training.search - INFO - [summer][random_forest] trial 17 fold 1 AUC=0.8756 | params={'n_estimators': 103, 'max_depth': 25, 'min_samples_leaf': 3, 'min_samples_split': 2, 'max_features': 'log2', 'class_weight': None}
2026-07-13 18:06:42 - wildfire_susceptibility.modeling.training.cv - INFO - [summer][random_forest] trial 17 fold 2: fitting on 40,000 rows...
2026-07-13 18:06:46 - wildfire_susceptibility.modeling.training.search - INFO - [summer][random_forest] trial 17 fold 2 AUC=0.8624 | params={'n_estimators': 103, 'max_depth': 25, 'min_samples_leaf': 3, 'min_samples_split': 2, 'max_features': 'log2', 'class_weight': None}
2026-07-13 18:06:46 - wildfire_susceptibility.modeling.training.cv - INFO - [summer][random_forest] trial 17 fold 3: fitting on 40,000 rows...
2026-07-13 18:06:50 - wildfire_susceptibility.modeling.training.search - INFO - [summer][random_forest] trial 17 fold 3 AUC=0.8734 | params={'n_estimators': 103, 'max_depth': 25, 'min_samples_leaf': 3, 'min_samples_split': 2, 'max_features': 'log2', 'class_weight': None}
2026-07-13 18:06:50 - wildfire_susceptibility.modeling.training.cv - INFO - [summer][random_forest] trial 17 fold 4: fitting on 40,000 rows...
2026-07-13 18:06:54 - wildfire_susceptibility.modeling.training.search - INFO - [summer][random_forest] trial 17 fold 4 AUC=0.8748 | params={'n_estimators': 103, 'max_depth': 25, 'min_samples_leaf': 3, 'min_samples_split': 2, 'max_features': 'log2', 'class_weight': None}
2026-07-13 18:06:54 - wildfire_susceptibility.modeling.training.cv - INFO - [summer][random_forest] trial 17 fold 5: fitting on 40,000 rows...
2026-07-13 18:06:58 - wildfire_susceptibility.modeling.training.search - INFO - [summer][random_forest] trial 17 fold 5 AUC=0.8658 | params={'n_estimators': 103, 'max_depth': 25, 'min_samples_leaf': 3, 'min_samples_split': 2, 'max_features': 'log2', 'class_weight': None}
2026-07-13 18:06:58 - wildfire_susceptibility.modeling.training.cv - INFO - [summer][random_forest] trial 18 fold 1: fitting on 40,000 rows...
2026-07-13 18:07:02 - wildfire_susceptibility.modeling.training.search - INFO - [summer][random_forest] trial 18 fold 1 AUC=0.8755 | params={'n_estimators': 102, 'max_depth': 25, 'min_samples_leaf': 3, 'min_samples_split': 4, 'max_features': 'log2', 'class_weight': None}
2026-07-13 18:07:02 - wildfire_susceptibility.modeling.training.cv - INFO - [summer][random_forest] trial 18 fold 2: fitting on 40,000 rows...
2026-07-13 18:07:06 - wildfire_susceptibility.modeling.training.search - INFO - [summer][random_forest] trial 18 fold 2 AUC=0.8620 | params={'n_estimators': 102, 'max_depth': 25, 'min_samples_leaf': 3, 'min_samples_split': 4, 'max_features': 'log2', 'class_weight': None}
2026-07-13 18:07:06 - wildfire_susceptibility.modeling.training.cv - INFO - [summer][random_forest] trial 18 fold 3: fitting on 40,000 rows...
2026-07-13 18:07:10 - wildfire_susceptibility.modeling.training.search - INFO - [summer][random_forest] trial 18 fold 3 AUC=0.8735 | params={'n_estimators': 102, 'max_depth': 25, 'min_samples_leaf': 3, 'min_samples_split': 4, 'max_features': 'log2', 'class_weight': None}
2026-07-13 18:07:10 - wildfire_susceptibility.modeling.training.cv - INFO - [summer][random_forest] trial 18 fold 4: fitting on 40,000 rows...
2026-07-13 18:07:14 - wildfire_susceptibility.modeling.training.search - INFO - [summer][random_forest] trial 18 fold 4 AUC=0.8746 | params={'n_estimators': 102, 'max_depth': 25, 'min_samples_leaf': 3, 'min_samples_split': 4, 'max_features': 'log2', 'class_weight': None}
2026-07-13 18:07:14 - wildfire_susceptibility.modeling.training.cv - INFO - [summer][random_forest] trial 18 fold 5: fitting on 40,000 rows...
2026-07-13 18:07:18 - wildfire_susceptibility.modeling.training.search - INFO - [summer][random_forest] trial 18 fold 5 AUC=0.8658 | params={'n_estimators': 102, 'max_depth': 25, 'min_samples_leaf': 3, 'min_samples_split': 4, 'max_features': 'log2', 'class_weight': None}
2026-07-13 18:07:18 - wildfire_susceptibility.modeling.training.cv - INFO - [summer][random_forest] trial 19 fold 1: fitting on 40,000 rows...
2026-07-13 18:07:22 - wildfire_susceptibility.modeling.training.search - INFO - [summer][random_forest] trial 19 fold 1 AUC=0.8606 | params={'n_estimators': 104, 'max_depth': 25, 'min_samples_leaf': 6, 'min_samples_split': 5, 'max_features': 'log2', 'class_weight': None}
2026-07-13 18:07:22 - wildfire_susceptibility.modeling.training.cv - INFO - [summer][random_forest] trial 19 fold 2: fitting on 40,000 rows...
2026-07-13 18:07:25 - wildfire_susceptibility.modeling.training.search - INFO - [summer][random_forest] trial 19 fold 2 AUC=0.8514 | params={'n_estimators': 104, 'max_depth': 25, 'min_samples_leaf': 6, 'min_samples_split': 5, 'max_features': 'log2', 'class_weight': None}
2026-07-13 18:07:25 - wildfire_susceptibility.modeling.training.cv - INFO - [summer][random_forest] trial 19 fold 3: fitting on 40,000 rows...
2026-07-13 18:07:29 - wildfire_susceptibility.modeling.training.search - INFO - [summer][random_forest] trial 19 fold 3 AUC=0.8651 | params={'n_estimators': 104, 'max_depth': 25, 'min_samples_leaf': 6, 'min_samples_split': 5, 'max_features': 'log2', 'class_weight': None}
2026-07-13 18:07:29 - wildfire_susceptibility.modeling.training.cv - INFO - [summer][random_forest] trial 19 fold 4: fitting on 40,000 rows...
2026-07-13 18:07:33 - wildfire_susceptibility.modeling.training.search - INFO - [summer][random_forest] trial 19 fold 4 AUC=0.8622 | params={'n_estimators': 104, 'max_depth': 25, 'min_samples_leaf': 6, 'min_samples_split': 5, 'max_features': 'log2', 'class_weight': None}
2026-07-13 18:07:33 - wildfire_susceptibility.modeling.training.cv - INFO - [summer][random_forest] trial 20 fold 1: fitting on 40,000 rows...
2026-07-13 18:07:38 - wildfire_susceptibility.modeling.training.search - INFO - [summer][random_forest] trial 20 fold 1 AUC=0.8765 | params={'n_estimators': 136, 'max_depth': 25, 'min_samples_leaf': 3, 'min_samples_split': 5, 'max_features': 'log2', 'class_weight': None}
2026-07-13 18:07:38 - wildfire_susceptibility.modeling.training.cv - INFO - [summer][random_forest] trial 20 fold 2: fitting on 40,000 rows...
2026-07-13 18:07:43 - wildfire_susceptibility.modeling.training.search - INFO - [summer][random_forest] trial 20 fold 2 AUC=0.8632 | params={'n_estimators': 136, 'max_depth': 25, 'min_samples_leaf': 3, 'min_samples_split': 5, 'max_features': 'log2', 'class_weight': None}
2026-07-13 18:07:43 - wildfire_susceptibility.modeling.training.cv - INFO - [summer][random_forest] trial 20 fold 3: fitting on 40,000 rows...
2026-07-13 18:07:48 - wildfire_susceptibility.modeling.training.search - INFO - [summer][random_forest] trial 20 fold 3 AUC=0.8761 | params={'n_estimators': 136, 'max_depth': 25, 'min_samples_leaf': 3, 'min_samples_split': 5, 'max_features': 'log2', 'class_weight': None}
2026-07-13 18:07:48 - wildfire_susceptibility.modeling.training.cv - INFO - [summer][random_forest] trial 20 fold 4: fitting on 40,000 rows...
2026-07-13 18:07:53 - wildfire_susceptibility.modeling.training.search - INFO - [summer][random_forest] trial 20 fold 4 AUC=0.8747 | params={'n_estimators': 136, 'max_depth': 25, 'min_samples_leaf': 3, 'min_samples_split': 5, 'max_features': 'log2', 'class_weight': None}
2026-07-13 18:07:53 - wildfire_susceptibility.modeling.training.cv - INFO - [summer][random_forest] trial 20 fold 5: fitting on 40,000 rows...
2026-07-13 18:07:59 - wildfire_susceptibility.modeling.training.search - INFO - [summer][random_forest] trial 20 fold 5 AUC=0.8663 | params={'n_estimators': 136, 'max_depth': 25, 'min_samples_leaf': 3, 'min_samples_split': 5, 'max_features': 'log2', 'class_weight': None}
2026-07-13 18:07:59 - wildfire_susceptibility.modeling.training.cv - INFO - [summer][random_forest] trial 21 fold 1: fitting on 40,000 rows...
2026-07-13 18:08:04 - wildfire_susceptibility.modeling.training.search - INFO - [summer][random_forest] trial 21 fold 1 AUC=0.8524 | params={'n_estimators': 142, 'max_depth': 22, 'min_samples_leaf': 9, 'min_samples_split': 4, 'max_features': 'log2', 'class_weight': None}
2026-07-13 18:08:04 - wildfire_susceptibility.modeling.training.cv - INFO - [summer][random_forest] trial 21 fold 2: fitting on 40,000 rows...
2026-07-13 18:08:09 - wildfire_susceptibility.modeling.training.search - INFO - [summer][random_forest] trial 21 fold 2 AUC=0.8445 | params={'n_estimators': 142, 'max_depth': 22, 'min_samples_leaf': 9, 'min_samples_split': 4, 'max_features': 'log2', 'class_weight': None}
2026-07-13 18:08:09 - wildfire_susceptibility.modeling.training.cv - INFO - [summer][random_forest] trial 22 fold 1: fitting on 40,000 rows...
2026-07-13 18:08:13 - wildfire_susceptibility.modeling.training.search - INFO - [summer][random_forest] trial 22 fold 1 AUC=0.8755 | params={'n_estimators': 101, 'max_depth': 25, 'min_samples_leaf': 3, 'min_samples_split': 6, 'max_features': 'log2', 'class_weight': None}
2026-07-13 18:08:13 - wildfire_susceptibility.modeling.training.cv - INFO - [summer][random_forest] trial 22 fold 2: fitting on 40,000 rows...
2026-07-13 18:08:17 - wildfire_susceptibility.modeling.training.search - INFO - [summer][random_forest] trial 22 fold 2 AUC=0.8621 | params={'n_estimators': 101, 'max_depth': 25, 'min_samples_leaf': 3, 'min_samples_split': 6, 'max_features': 'log2', 'class_weight': None}
2026-07-13 18:08:17 - wildfire_susceptibility.modeling.training.cv - INFO - [summer][random_forest] trial 22 fold 3: fitting on 40,000 rows...
2026-07-13 18:08:20 - wildfire_susceptibility.modeling.training.search - INFO - [summer][random_forest] trial 22 fold 3 AUC=0.8733 | params={'n_estimators': 101, 'max_depth': 25, 'min_samples_leaf': 3, 'min_samples_split': 6, 'max_features': 'log2', 'class_weight': None}
2026-07-13 18:08:20 - wildfire_susceptibility.modeling.training.cv - INFO - [summer][random_forest] trial 22 fold 4: fitting on 40,000 rows...
2026-07-13 18:08:24 - wildfire_susceptibility.modeling.training.search - INFO - [summer][random_forest] trial 22 fold 4 AUC=0.8746 | params={'n_estimators': 101, 'max_depth': 25, 'min_samples_leaf': 3, 'min_samples_split': 6, 'max_features': 'log2', 'class_weight': None}
2026-07-13 18:08:24 - wildfire_susceptibility.modeling.training.cv - INFO - [summer][random_forest] trial 22 fold 5: fitting on 40,000 rows...
2026-07-13 18:08:28 - wildfire_susceptibility.modeling.training.search - INFO - [summer][random_forest] trial 22 fold 5 AUC=0.8648 | params={'n_estimators': 101, 'max_depth': 25, 'min_samples_leaf': 3, 'min_samples_split': 6, 'max_features': 'log2', 'class_weight': None}
2026-07-13 18:08:28 - wildfire_susceptibility.modeling.training.cv - INFO - [summer][random_forest] trial 23 fold 1: fitting on 40,000 rows...
2026-07-13 18:08:33 - wildfire_susceptibility.modeling.training.search - INFO - [summer][random_forest] trial 23 fold 1 AUC=0.8766 | params={'n_estimators': 135, 'max_depth': 25, 'min_samples_leaf': 3, 'min_samples_split': 4, 'max_features': 'log2', 'class_weight': None}
2026-07-13 18:08:33 - wildfire_susceptibility.modeling.training.cv - INFO - [summer][random_forest] trial 23 fold 2: fitting on 40,000 rows...
2026-07-13 18:08:39 - wildfire_susceptibility.modeling.training.search - INFO - [summer][random_forest] trial 23 fold 2 AUC=0.8630 | params={'n_estimators': 135, 'max_depth': 25, 'min_samples_leaf': 3, 'min_samples_split': 4, 'max_features': 'log2', 'class_weight': None}
2026-07-13 18:08:39 - wildfire_susceptibility.modeling.training.cv - INFO - [summer][random_forest] trial 23 fold 3: fitting on 40,000 rows...
2026-07-13 18:08:44 - wildfire_susceptibility.modeling.training.search - INFO - [summer][random_forest] trial 23 fold 3 AUC=0.8761 | params={'n_estimators': 135, 'max_depth': 25, 'min_samples_leaf': 3, 'min_samples_split': 4, 'max_features': 'log2', 'class_weight': None}
2026-07-13 18:08:44 - wildfire_susceptibility.modeling.training.cv - INFO - [summer][random_forest] trial 23 fold 4: fitting on 40,000 rows...
2026-07-13 18:08:49 - wildfire_susceptibility.modeling.training.search - INFO - [summer][random_forest] trial 23 fold 4 AUC=0.8746 | params={'n_estimators': 135, 'max_depth': 25, 'min_samples_leaf': 3, 'min_samples_split': 4, 'max_features': 'log2', 'class_weight': None}
2026-07-13 18:08:49 - wildfire_susceptibility.modeling.training.cv - INFO - [summer][random_forest] trial 23 fold 5: fitting on 40,000 rows...
2026-07-13 18:08:54 - wildfire_susceptibility.modeling.training.search - INFO - [summer][random_forest] trial 23 fold 5 AUC=0.8662 | params={'n_estimators': 135, 'max_depth': 25, 'min_samples_leaf': 3, 'min_samples_split': 4, 'max_features': 'log2', 'class_weight': None}
2026-07-13 18:08:54 - wildfire_susceptibility.modeling.training.cv - INFO - [summer][random_forest] trial 24 fold 1: fitting on 40,000 rows...
2026-07-13 18:08:59 - wildfire_susceptibility.modeling.training.search - INFO - [summer][random_forest] trial 24 fold 1 AUC=0.8676 | params={'n_estimators': 143, 'max_depth': 21, 'min_samples_leaf': 4, 'min_samples_split': 2, 'max_features': 'log2', 'class_weight': None}
2026-07-13 18:09:00 - wildfire_susceptibility.modeling.training.cv - INFO - [summer][random_forest] trial 24 fold 2: fitting on 40,000 rows...
2026-07-13 18:09:05 - wildfire_susceptibility.modeling.training.search - INFO - [summer][random_forest] trial 24 fold 2 AUC=0.8586 | params={'n_estimators': 143, 'max_depth': 21, 'min_samples_leaf': 4, 'min_samples_split': 2, 'max_features': 'log2', 'class_weight': None}
2026-07-13 18:09:05 - wildfire_susceptibility.modeling.training.cv - INFO - [summer][random_forest] trial 24 fold 3: fitting on 40,000 rows...
2026-07-13 18:09:10 - wildfire_susceptibility.modeling.training.search - INFO - [summer][random_forest] trial 24 fold 3 AUC=0.8691 | params={'n_estimators': 143, 'max_depth': 21, 'min_samples_leaf': 4, 'min_samples_split': 2, 'max_features': 'log2', 'class_weight': None}
2026-07-13 18:09:10 - wildfire_susceptibility.modeling.training.cv - INFO - [summer][random_forest] trial 24 fold 4: fitting on 40,000 rows...
2026-07-13 18:09:15 - wildfire_susceptibility.modeling.training.search - INFO - [summer][random_forest] trial 24 fold 4 AUC=0.8687 | params={'n_estimators': 143, 'max_depth': 21, 'min_samples_leaf': 4, 'min_samples_split': 2, 'max_features': 'log2', 'class_weight': None}
2026-07-13 18:09:15 - wildfire_susceptibility.modeling.training.cv - INFO - [summer][random_forest] trial 24 fold 5: fitting on 40,000 rows...
2026-07-13 18:09:21 - wildfire_susceptibility.modeling.training.search - INFO - [summer][random_forest] trial 24 fold 5 AUC=0.8614 | params={'n_estimators': 143, 'max_depth': 21, 'min_samples_leaf': 4, 'min_samples_split': 2, 'max_features': 'log2', 'class_weight': None}
2026-07-13 18:09:21 - wildfire_susceptibility.modeling.training.cv - INFO - [summer][random_forest] trial 25 fold 1: fitting on 40,000 rows...
2026-07-13 18:09:27 - wildfire_susceptibility.modeling.training.search - INFO - [summer][random_forest] trial 25 fold 1 AUC=0.8660 | params={'n_estimators': 180, 'max_depth': 23, 'min_samples_leaf': 5, 'min_samples_split': 6, 'max_features': 'log2', 'class_weight': None}
2026-07-13 18:09:27 - wildfire_susceptibility.modeling.training.cv - INFO - [summer][random_forest] trial 25 fold 2: fitting on 40,000 rows...
2026-07-13 18:09:34 - wildfire_susceptibility.modeling.training.search - INFO - [summer][random_forest] trial 25 fold 2 AUC=0.8558 | params={'n_estimators': 180, 'max_depth': 23, 'min_samples_leaf': 5, 'min_samples_split': 6, 'max_features': 'log2', 'class_weight': None}
2026-07-13 18:09:34 - wildfire_susceptibility.modeling.training.cv - INFO - [summer][random_forest] trial 25 fold 3: fitting on 40,000 rows...
2026-07-13 18:09:40 - wildfire_susceptibility.modeling.training.search - INFO - [summer][random_forest] trial 25 fold 3 AUC=0.8668 | params={'n_estimators': 180, 'max_depth': 23, 'min_samples_leaf': 5, 'min_samples_split': 6, 'max_features': 'log2', 'class_weight': None}
2026-07-13 18:09:40 - wildfire_susceptibility.modeling.training.cv - INFO - [summer][random_forest] trial 25 fold 4: fitting on 40,000 rows...
2026-07-13 18:09:47 - wildfire_susceptibility.modeling.training.search - INFO - [summer][random_forest] trial 25 fold 4 AUC=0.8667 | params={'n_estimators': 180, 'max_depth': 23, 'min_samples_leaf': 5, 'min_samples_split': 6, 'max_features': 'log2', 'class_weight': None}
2026-07-13 18:09:47 - wildfire_susceptibility.modeling.training.cv - INFO - [summer][random_forest] trial 25 fold 5: fitting on 40,000 rows...
2026-07-13 18:09:53 - wildfire_susceptibility.modeling.training.search - INFO - [summer][random_forest] trial 25 fold 5 AUC=0.8603 | params={'n_estimators': 180, 'max_depth': 23, 'min_samples_leaf': 5, 'min_samples_split': 6, 'max_features': 'log2', 'class_weight': None}
2026-07-13 18:09:53 - wildfire_susceptibility.modeling.training.cv - INFO - [summer][random_forest] trial 26 fold 1: fitting on 40,000 rows...
2026-07-13 18:09:58 - wildfire_susceptibility.modeling.training.search - INFO - [summer][random_forest] trial 26 fold 1 AUC=0.8766 | params={'n_estimators': 135, 'max_depth': 25, 'min_samples_leaf': 3, 'min_samples_split': 4, 'max_features': 'log2', 'class_weight': None}
2026-07-13 18:09:58 - wildfire_susceptibility.modeling.training.cv - INFO - [summer][random_forest] trial 26 fold 2: fitting on 40,000 rows...
2026-07-13 18:10:04 - wildfire_susceptibility.modeling.training.search - INFO - [summer][random_forest] trial 26 fold 2 AUC=0.8630 | params={'n_estimators': 135, 'max_depth': 25, 'min_samples_leaf': 3, 'min_samples_split': 4, 'max_features': 'log2', 'class_weight': None}
2026-07-13 18:10:04 - wildfire_susceptibility.modeling.training.cv - INFO - [summer][random_forest] trial 26 fold 3: fitting on 40,000 rows...
2026-07-13 18:10:09 - wildfire_susceptibility.modeling.training.search - INFO - [summer][random_forest] trial 26 fold 3 AUC=0.8761 | params={'n_estimators': 135, 'max_depth': 25, 'min_samples_leaf': 3, 'min_samples_split': 4, 'max_features': 'log2', 'class_weight': None}
2026-07-13 18:10:09 - wildfire_susceptibility.modeling.training.cv - INFO - [summer][random_forest] trial 26 fold 4: fitting on 40,000 rows...
2026-07-13 18:10:14 - wildfire_susceptibility.modeling.training.search - INFO - [summer][random_forest] trial 26 fold 4 AUC=0.8746 | params={'n_estimators': 135, 'max_depth': 25, 'min_samples_leaf': 3, 'min_samples_split': 4, 'max_features': 'log2', 'class_weight': None}
2026-07-13 18:10:14 - wildfire_susceptibility.modeling.training.cv - INFO - [summer][random_forest] trial 26 fold 5: fitting on 40,000 rows...
2026-07-13 18:10:19 - wildfire_susceptibility.modeling.training.search - INFO - [summer][random_forest] trial 26 fold 5 AUC=0.8662 | params={'n_estimators': 135, 'max_depth': 25, 'min_samples_leaf': 3, 'min_samples_split': 4, 'max_features': 'log2', 'class_weight': None}
2026-07-13 18:10:19 - wildfire_susceptibility.modeling.training.cv - INFO - [summer][random_forest] trial 27 fold 1: fitting on 40,000 rows...
2026-07-13 18:10:23 - wildfire_susceptibility.modeling.training.search - INFO - [summer][random_forest] trial 27 fold 1 AUC=0.8587 | params={'n_estimators': 135, 'max_depth': 23, 'min_samples_leaf': 2, 'min_samples_split': 10, 'max_features': 'log2', 'class_weight': 'balanced'}
2026-07-13 18:10:23 - wildfire_susceptibility.modeling.training.cv - INFO - [summer][random_forest] trial 27 fold 2: fitting on 40,000 rows...
2026-07-13 18:10:27 - wildfire_susceptibility.modeling.training.search - INFO - [summer][random_forest] trial 27 fold 2 AUC=0.8436 | params={'n_estimators': 135, 'max_depth': 23, 'min_samples_leaf': 2, 'min_samples_split': 10, 'max_features': 'log2', 'class_weight': 'balanced'}
2026-07-13 18:10:27 - wildfire_susceptibility.modeling.training.cv - INFO - [summer][random_forest] trial 28 fold 1: fitting on 40,000 rows...
2026-07-13 18:10:34 - wildfire_susceptibility.modeling.training.search - INFO - [summer][random_forest] trial 28 fold 1 AUC=0.8648 | params={'n_estimators': 188, 'max_depth': 21, 'min_samples_leaf': 5, 'min_samples_split': 5, 'max_features': 'log2', 'class_weight': None}
2026-07-13 18:10:34 - wildfire_susceptibility.modeling.training.cv - INFO - [summer][random_forest] trial 28 fold 2: fitting on 40,000 rows...
2026-07-13 18:10:41 - wildfire_susceptibility.modeling.training.search - INFO - [summer][random_forest] trial 28 fold 2 AUC=0.8556 | params={'n_estimators': 188, 'max_depth': 21, 'min_samples_leaf': 5, 'min_samples_split': 5, 'max_features': 'log2', 'class_weight': None}
2026-07-13 18:10:41 - wildfire_susceptibility.modeling.training.cv - INFO - [summer][random_forest] trial 28 fold 3: fitting on 40,000 rows...
2026-07-13 18:10:48 - wildfire_susceptibility.modeling.training.search - INFO - [summer][random_forest] trial 28 fold 3 AUC=0.8663 | params={'n_estimators': 188, 'max_depth': 21, 'min_samples_leaf': 5, 'min_samples_split': 5, 'max_features': 'log2', 'class_weight': None}
2026-07-13 18:10:48 - wildfire_susceptibility.modeling.training.cv - INFO - [summer][random_forest] trial 28 fold 4: fitting on 40,000 rows...
2026-07-13 18:10:55 - wildfire_susceptibility.modeling.training.search - INFO - [summer][random_forest] trial 28 fold 4 AUC=0.8667 | params={'n_estimators': 188, 'max_depth': 21, 'min_samples_leaf': 5, 'min_samples_split': 5, 'max_features': 'log2', 'class_weight': None}
2026-07-13 18:10:55 - wildfire_susceptibility.modeling.training.cv - INFO - [summer][random_forest] trial 28 fold 5: fitting on 40,000 rows...
2026-07-13 18:11:01 - wildfire_susceptibility.modeling.training.search - INFO - [summer][random_forest] trial 28 fold 5 AUC=0.8595 | params={'n_estimators': 188, 'max_depth': 21, 'min_samples_leaf': 5, 'min_samples_split': 5, 'max_features': 'log2', 'class_weight': None}
2026-07-13 18:11:02 - wildfire_susceptibility.modeling.training.cv - INFO - [summer][random_forest] trial 29 fold 1: fitting on 40,000 rows...
2026-07-13 18:11:07 - wildfire_susceptibility.modeling.training.search - INFO - [summer][random_forest] trial 29 fold 1 AUC=0.8585 | params={'n_estimators': 153, 'max_depth': 23, 'min_samples_leaf': 7, 'min_samples_split': 4, 'max_features': 'log2', 'class_weight': None}
2026-07-13 18:11:07 - wildfire_susceptibility.modeling.training.cv - INFO - [summer][random_forest] trial 29 fold 2: fitting on 40,000 rows...
2026-07-13 18:11:13 - wildfire_susceptibility.modeling.training.search - INFO - [summer][random_forest] trial 29 fold 2 AUC=0.8502 | params={'n_estimators': 153, 'max_depth': 23, 'min_samples_leaf': 7, 'min_samples_split': 4, 'max_features': 'log2', 'class_weight': None}
2026-07-13 18:11:13 - wildfire_susceptibility.modeling.training.cv - INFO - [summer][random_forest] trial 30 fold 1: fitting on 40,000 rows...
2026-07-13 18:11:16 - wildfire_susceptibility.modeling.training.search - INFO - [summer][random_forest] trial 30 fold 1 AUC=0.8559 | params={'n_estimators': 126, 'max_depth': 24, 'min_samples_leaf': 4, 'min_samples_split': 6, 'max_features': 'log2', 'class_weight': 'balanced'}
2026-07-13 18:11:16 - wildfire_susceptibility.modeling.training.cv - INFO - [summer][random_forest] trial 30 fold 2: fitting on 40,000 rows...
2026-07-13 18:11:20 - wildfire_susceptibility.modeling.training.search - INFO - [summer][random_forest] trial 30 fold 2 AUC=0.8448 | params={'n_estimators': 126, 'max_depth': 24, 'min_samples_leaf': 4, 'min_samples_split': 6, 'max_features': 'log2', 'class_weight': 'balanced'}
2026-07-13 18:11:23 - wildfire_susceptibility.modeling.training.cv - INFO - [summer][random_forest] spatial CV fold 1/5: fitting on 846,233 rows...
2026-07-13 18:13:47 - wildfire_susceptibility.modeling.training.trainer - INFO - [summer][random_forest] spatial CV fold 1/5 AUC=0.7667
2026-07-13 18:13:47 - wildfire_susceptibility.modeling.training.cv - INFO - [summer][random_forest] spatial CV fold 2/5: fitting on 846,203 rows...
2026-07-13 18:16:14 - wildfire_susceptibility.modeling.training.trainer - INFO - [summer][random_forest] spatial CV fold 2/5 AUC=0.7468
2026-07-13 18:16:14 - wildfire_susceptibility.modeling.training.cv - INFO - [summer][random_forest] spatial CV fold 3/5: fitting on 846,252 rows...
2026-07-13 18:18:42 - wildfire_susceptibility.modeling.training.trainer - INFO - [summer][random_forest] spatial CV fold 3/5 AUC=0.7397
2026-07-13 18:18:42 - wildfire_susceptibility.modeling.training.cv - INFO - [summer][random_forest] spatial CV fold 4/5: fitting on 846,000 rows...
2026-07-13 18:21:06 - wildfire_susceptibility.modeling.training.trainer - INFO - [summer][random_forest] spatial CV fold 4/5 AUC=0.7136
2026-07-13 18:21:06 - wildfire_susceptibility.modeling.training.cv - INFO - [summer][random_forest] spatial CV fold 5/5: fitting on 846,324 rows...
2026-07-13 18:23:47 - wildfire_susceptibility.modeling.training.trainer - INFO - [summer][random_forest] spatial CV fold 5/5 AUC=0.7435
2026-07-13 18:23:47 - wildfire_susceptibility.modeling.training.trainer - INFO - [summer][random_forest] standard CV AUC=0.8714 vs spatial CV AUC=0.7421 (optimism gap=0.1293)
2026-07-13 18:27:38 - wildfire_susceptibility - INFO - [stage_train] [summer][svm] Search + refit...
2026-07-13 18:27:39 - wildfire_susceptibility.modeling.training.trainer - INFO - [summer][svm] search subsample: 6,000/1,057,753 rows
2026-07-13 18:27:39 - wildfire_susceptibility.modeling.training.trainer - INFO - [summer][svm] train shape=(1057753, 12) | search shape=(6000, 12) | class counts={0.0: 679817, 1.0: 297161, 2.0: 70067, 3.0: 10708}
2026-07-13 18:27:39 - wildfire_susceptibility.modeling.training.search - INFO - [summer][svm] finished=0 target=30 remaining=30
2026-07-13 18:27:39 - wildfire_susceptibility.modeling.training.cv - INFO - [summer][svm] trial 0 fold 1: fitting on 4,800 rows...
2026-07-13 18:27:44 - wildfire_susceptibility.modeling.training.search - INFO - [summer][svm] trial 0 fold 1 AUC=0.7081 | params={'C': 68.47678763783767, 'gamma': 0.036668994853070874, 'kernel': 'rbf'}
2026-07-13 18:27:44 - wildfire_susceptibility.modeling.training.cv - INFO - [summer][svm] trial 0 fold 2: fitting on 4,800 rows...
2026-07-13 18:27:48 - wildfire_susceptibility.modeling.training.search - INFO - [summer][svm] trial 0 fold 2 AUC=0.6946 | params={'C': 68.47678763783767, 'gamma': 0.036668994853070874, 'kernel': 'rbf'}
2026-07-13 18:27:48 - wildfire_susceptibility.modeling.training.cv - INFO - [summer][svm] trial 0 fold 3: fitting on 4,800 rows...
2026-07-13 18:27:53 - wildfire_susceptibility.modeling.training.search - INFO - [summer][svm] trial 0 fold 3 AUC=0.6906 | params={'C': 68.47678763783767, 'gamma': 0.036668994853070874, 'kernel': 'rbf'}
2026-07-13 18:27:53 - wildfire_susceptibility.modeling.training.cv - INFO - [summer][svm] trial 0 fold 4: fitting on 4,800 rows...
2026-07-13 18:27:57 - wildfire_susceptibility.modeling.training.search - INFO - [summer][svm] trial 0 fold 4 AUC=0.6600 | params={'C': 68.47678763783767, 'gamma': 0.036668994853070874, 'kernel': 'rbf'}
2026-07-13 18:27:57 - wildfire_susceptibility.modeling.training.cv - INFO - [summer][svm] trial 0 fold 5: fitting on 4,800 rows...
2026-07-13 18:28:02 - wildfire_susceptibility.modeling.training.search - INFO - [summer][svm] trial 0 fold 5 AUC=0.7036 | params={'C': 68.47678763783767, 'gamma': 0.036668994853070874, 'kernel': 'rbf'}
2026-07-13 18:28:02 - wildfire_susceptibility.modeling.training.cv - INFO - [summer][svm] trial 1 fold 1: fitting on 4,800 rows...
2026-07-13 18:28:28 - wildfire_susceptibility.modeling.training.search - INFO - [summer][svm] trial 1 fold 1 AUC=0.7061 | params={'C': 24.76634024031336, 'gamma': 0.8387449447526626, 'kernel': 'linear'}
2026-07-13 18:28:28 - wildfire_susceptibility.modeling.training.cv - INFO - [summer][svm] trial 1 fold 2: fitting on 4,800 rows...
2026-07-13 18:29:21 - wildfire_susceptibility.modeling.training.search - INFO - [summer][svm] trial 1 fold 2 AUC=0.6666 | params={'C': 24.76634024031336, 'gamma': 0.8387449447526626, 'kernel': 'linear'}
2026-07-13 18:29:21 - wildfire_susceptibility.modeling.training.cv - INFO - [summer][svm] trial 1 fold 3: fitting on 4,800 rows...
2026-07-13 18:30:06 - wildfire_susceptibility.modeling.training.search - INFO - [summer][svm] trial 1 fold 3 AUC=0.6980 | params={'C': 24.76634024031336, 'gamma': 0.8387449447526626, 'kernel': 'linear'}
2026-07-13 18:30:06 - wildfire_susceptibility.modeling.training.cv - INFO - [summer][svm] trial 1 fold 4: fitting on 4,800 rows...
2026-07-13 18:30:45 - wildfire_susceptibility.modeling.training.search - INFO - [summer][svm] trial 1 fold 4 AUC=0.7069 | params={'C': 24.76634024031336, 'gamma': 0.8387449447526626, 'kernel': 'linear'}
2026-07-13 18:30:45 - wildfire_susceptibility.modeling.training.cv - INFO - [summer][svm] trial 1 fold 5: fitting on 4,800 rows...
2026-07-13 18:31:08 - wildfire_susceptibility.modeling.training.search - INFO - [summer][svm] trial 1 fold 5 AUC=0.7140 | params={'C': 24.76634024031336, 'gamma': 0.8387449447526626, 'kernel': 'linear'}
2026-07-13 18:31:08 - wildfire_susceptibility.modeling.training.cv - INFO - [summer][svm] trial 2 fold 1: fitting on 4,800 rows...
2026-07-13 18:31:12 - wildfire_susceptibility.modeling.training.search - INFO - [summer][svm] trial 2 fold 1 AUC=0.7431 | params={'C': 3.445970438824156, 'gamma': 0.09702565776860446, 'kernel': 'rbf'}
2026-07-13 18:31:12 - wildfire_susceptibility.modeling.training.cv - INFO - [summer][svm] trial 2 fold 2: fitting on 4,800 rows...
2026-07-13 18:31:16 - wildfire_susceptibility.modeling.training.search - INFO - [summer][svm] trial 2 fold 2 AUC=0.7194 | params={'C': 3.445970438824156, 'gamma': 0.09702565776860446, 'kernel': 'rbf'}
2026-07-13 18:31:16 - wildfire_susceptibility.modeling.training.cv - INFO - [summer][svm] trial 2 fold 3: fitting on 4,800 rows...
2026-07-13 18:31:19 - wildfire_susceptibility.modeling.training.search - INFO - [summer][svm] trial 2 fold 3 AUC=0.7141 | params={'C': 3.445970438824156, 'gamma': 0.09702565776860446, 'kernel': 'rbf'}
2026-07-13 18:31:19 - wildfire_susceptibility.modeling.training.cv - INFO - [summer][svm] trial 2 fold 4: fitting on 4,800 rows...
2026-07-13 18:31:22 - wildfire_susceptibility.modeling.training.search - INFO - [summer][svm] trial 2 fold 4 AUC=0.7252 | params={'C': 3.445970438824156, 'gamma': 0.09702565776860446, 'kernel': 'rbf'}
2026-07-13 18:31:22 - wildfire_susceptibility.modeling.training.cv - INFO - [summer][svm] trial 2 fold 5: fitting on 4,800 rows...
2026-07-13 18:31:25 - wildfire_susceptibility.modeling.training.search - INFO - [summer][svm] trial 2 fold 5 AUC=0.7411 | params={'C': 3.445970438824156, 'gamma': 0.09702565776860446, 'kernel': 'rbf'}
2026-07-13 18:31:25 - wildfire_susceptibility.modeling.training.cv - INFO - [summer][svm] trial 3 fold 1: fitting on 4,800 rows...
2026-07-13 18:31:30 - wildfire_susceptibility.modeling.training.search - INFO - [summer][svm] trial 3 fold 1 AUC=0.7186 | params={'C': 17.867773615840978, 'gamma': 0.0014736233108168294, 'kernel': 'linear'}
2026-07-13 18:31:30 - wildfire_susceptibility.modeling.training.cv - INFO - [summer][svm] trial 3 fold 2: fitting on 4,800 rows...
2026-07-13 18:31:34 - wildfire_susceptibility.modeling.training.search - INFO - [summer][svm] trial 3 fold 2 AUC=0.6846 | params={'C': 17.867773615840978, 'gamma': 0.0014736233108168294, 'kernel': 'linear'}
2026-07-13 18:31:34 - wildfire_susceptibility.modeling.training.cv - INFO - [summer][svm] trial 3 fold 3: fitting on 4,800 rows...
2026-07-13 18:31:39 - wildfire_susceptibility.modeling.training.search - INFO - [summer][svm] trial 3 fold 3 AUC=0.6984 | params={'C': 17.867773615840978, 'gamma': 0.0014736233108168294, 'kernel': 'linear'}
2026-07-13 18:31:39 - wildfire_susceptibility.modeling.training.cv - INFO - [summer][svm] trial 3 fold 4: fitting on 4,800 rows...
2026-07-13 18:31:43 - wildfire_susceptibility.modeling.training.search - INFO - [summer][svm] trial 3 fold 4 AUC=0.7146 | params={'C': 17.867773615840978, 'gamma': 0.0014736233108168294, 'kernel': 'linear'}
2026-07-13 18:31:43 - wildfire_susceptibility.modeling.training.cv - INFO - [summer][svm] trial 3 fold 5: fitting on 4,800 rows...
2026-07-13 18:31:48 - wildfire_susceptibility.modeling.training.search - INFO - [summer][svm] trial 3 fold 5 AUC=0.6881 | params={'C': 17.867773615840978, 'gamma': 0.0014736233108168294, 'kernel': 'linear'}
2026-07-13 18:31:48 - wildfire_susceptibility.modeling.training.cv - INFO - [summer][svm] trial 4 fold 1: fitting on 4,800 rows...
2026-07-13 18:31:49 - wildfire_susceptibility.modeling.training.search - INFO - [summer][svm] trial 4 fold 1 AUC=0.7111 | params={'C': 0.13560432410591672, 'gamma': 0.07752381824519072, 'kernel': 'linear'}
2026-07-13 18:31:49 - wildfire_susceptibility.modeling.training.cv - INFO - [summer][svm] trial 4 fold 2: fitting on 4,800 rows...
2026-07-13 18:31:50 - wildfire_susceptibility.modeling.training.search - INFO - [summer][svm] trial 4 fold 2 AUC=0.6894 | params={'C': 0.13560432410591672, 'gamma': 0.07752381824519072, 'kernel': 'linear'}
2026-07-13 18:31:50 - wildfire_susceptibility.modeling.training.cv - INFO - [summer][svm] trial 4 fold 3: fitting on 4,800 rows...
2026-07-13 18:31:51 - wildfire_susceptibility.modeling.training.search - INFO - [summer][svm] trial 4 fold 3 AUC=0.7004 | params={'C': 0.13560432410591672, 'gamma': 0.07752381824519072, 'kernel': 'linear'}
2026-07-13 18:31:51 - wildfire_susceptibility.modeling.training.cv - INFO - [summer][svm] trial 4 fold 4: fitting on 4,800 rows...
2026-07-13 18:31:52 - wildfire_susceptibility.modeling.training.search - INFO - [summer][svm] trial 4 fold 4 AUC=0.7091 | params={'C': 0.13560432410591672, 'gamma': 0.07752381824519072, 'kernel': 'linear'}
2026-07-13 18:31:52 - wildfire_susceptibility.modeling.training.cv - INFO - [summer][svm] trial 4 fold 5: fitting on 4,800 rows...
2026-07-13 18:31:53 - wildfire_susceptibility.modeling.training.search - INFO - [summer][svm] trial 4 fold 5 AUC=0.7139 | params={'C': 0.13560432410591672, 'gamma': 0.07752381824519072, 'kernel': 'linear'}
2026-07-13 18:31:53 - wildfire_susceptibility.modeling.training.cv - INFO - [summer][svm] trial 5 fold 1: fitting on 4,800 rows...
2026-07-13 18:31:56 - wildfire_susceptibility.modeling.training.search - INFO - [summer][svm] trial 5 fold 1 AUC=0.6946 | params={'C': 1.466624497392538, 'gamma': 0.0363144335868699, 'kernel': 'rbf'}
2026-07-13 18:31:56 - wildfire_susceptibility.modeling.training.cv - INFO - [summer][svm] trial 5 fold 2: fitting on 4,800 rows...
2026-07-13 18:31:59 - wildfire_susceptibility.modeling.training.search - INFO - [summer][svm] trial 5 fold 2 AUC=0.6751 | params={'C': 1.466624497392538, 'gamma': 0.0363144335868699, 'kernel': 'rbf'}
2026-07-13 18:31:59 - wildfire_susceptibility.modeling.training.cv - INFO - [summer][svm] trial 6 fold 1: fitting on 4,800 rows...
2026-07-13 18:32:01 - wildfire_susceptibility.modeling.training.search - INFO - [summer][svm] trial 6 fold 1 AUC=0.7203 | params={'C': 0.8698132532769054, 'gamma': 0.05063940171328339, 'kernel': 'linear'}
2026-07-13 18:32:01 - wildfire_susceptibility.modeling.training.cv - INFO - [summer][svm] trial 6 fold 2: fitting on 4,800 rows...
2026-07-13 18:32:02 - wildfire_susceptibility.modeling.training.search - INFO - [summer][svm] trial 6 fold 2 AUC=0.6823 | params={'C': 0.8698132532769054, 'gamma': 0.05063940171328339, 'kernel': 'linear'}
2026-07-13 18:32:02 - wildfire_susceptibility.modeling.training.cv - INFO - [summer][svm] trial 6 fold 3: fitting on 4,800 rows...
2026-07-13 18:32:03 - wildfire_susceptibility.modeling.training.search - INFO - [summer][svm] trial 6 fold 3 AUC=0.6876 | params={'C': 0.8698132532769054, 'gamma': 0.05063940171328339, 'kernel': 'linear'}
2026-07-13 18:32:03 - wildfire_susceptibility.modeling.training.cv - INFO - [summer][svm] trial 6 fold 4: fitting on 4,800 rows...
2026-07-13 18:32:04 - wildfire_susceptibility.modeling.training.search - INFO - [summer][svm] trial 6 fold 4 AUC=0.7208 | params={'C': 0.8698132532769054, 'gamma': 0.05063940171328339, 'kernel': 'linear'}
2026-07-13 18:32:04 - wildfire_susceptibility.modeling.training.cv - INFO - [summer][svm] trial 6 fold 5: fitting on 4,800 rows...
2026-07-13 18:32:05 - wildfire_susceptibility.modeling.training.search - INFO - [summer][svm] trial 6 fold 5 AUC=0.6799 | params={'C': 0.8698132532769054, 'gamma': 0.05063940171328339, 'kernel': 'linear'}
2026-07-13 18:32:05 - wildfire_susceptibility.modeling.training.cv - INFO - [summer][svm] trial 7 fold 1: fitting on 4,800 rows...
2026-07-13 18:32:08 - wildfire_susceptibility.modeling.training.search - INFO - [summer][svm] trial 7 fold 1 AUC=0.7178 | params={'C': 5.929675430817648, 'gamma': 0.13791715266044025, 'kernel': 'linear'}
2026-07-13 18:32:08 - wildfire_susceptibility.modeling.training.cv - INFO - [summer][svm] trial 7 fold 2: fitting on 4,800 rows...
2026-07-13 18:32:10 - wildfire_susceptibility.modeling.training.search - INFO - [summer][svm] trial 7 fold 2 AUC=0.6806 | params={'C': 5.929675430817648, 'gamma': 0.13791715266044025, 'kernel': 'linear'}
2026-07-13 18:32:10 - wildfire_susceptibility.modeling.training.cv - INFO - [summer][svm] trial 7 fold 3: fitting on 4,800 rows...
2026-07-13 18:32:12 - wildfire_susceptibility.modeling.training.search - INFO - [summer][svm] trial 7 fold 3 AUC=0.7144 | params={'C': 5.929675430817648, 'gamma': 0.13791715266044025, 'kernel': 'linear'}
2026-07-13 18:32:12 - wildfire_susceptibility.modeling.training.cv - INFO - [summer][svm] trial 7 fold 4: fitting on 4,800 rows...
2026-07-13 18:32:15 - wildfire_susceptibility.modeling.training.search - INFO - [summer][svm] trial 7 fold 4 AUC=0.6893 | params={'C': 5.929675430817648, 'gamma': 0.13791715266044025, 'kernel': 'linear'}
2026-07-13 18:32:15 - wildfire_susceptibility.modeling.training.cv - INFO - [summer][svm] trial 7 fold 5: fitting on 4,800 rows...
2026-07-13 18:32:17 - wildfire_susceptibility.modeling.training.search - INFO - [summer][svm] trial 7 fold 5 AUC=0.7062 | params={'C': 5.929675430817648, 'gamma': 0.13791715266044025, 'kernel': 'linear'}
2026-07-13 18:32:17 - wildfire_susceptibility.modeling.training.cv - INFO - [summer][svm] trial 8 fold 1: fitting on 4,800 rows...
2026-07-13 18:32:22 - wildfire_susceptibility.modeling.training.search - INFO - [summer][svm] trial 8 fold 1 AUC=0.7229 | params={'C': 24.306025764782607, 'gamma': 0.4273848105646639, 'kernel': 'rbf'}
2026-07-13 18:32:22 - wildfire_susceptibility.modeling.training.cv - INFO - [summer][svm] trial 8 fold 2: fitting on 4,800 rows...
2026-07-13 18:32:26 - wildfire_susceptibility.modeling.training.search - INFO - [summer][svm] trial 8 fold 2 AUC=0.7092 | params={'C': 24.306025764782607, 'gamma': 0.4273848105646639, 'kernel': 'rbf'}
2026-07-13 18:32:26 - wildfire_susceptibility.modeling.training.cv - INFO - [summer][svm] trial 8 fold 3: fitting on 4,800 rows...
2026-07-13 18:32:31 - wildfire_susceptibility.modeling.training.search - INFO - [summer][svm] trial 8 fold 3 AUC=0.6733 | params={'C': 24.306025764782607, 'gamma': 0.4273848105646639, 'kernel': 'rbf'}
2026-07-13 18:32:31 - wildfire_susceptibility.modeling.training.cv - INFO - [summer][svm] trial 8 fold 4: fitting on 4,800 rows...
2026-07-13 18:32:35 - wildfire_susceptibility.modeling.training.search - INFO - [summer][svm] trial 8 fold 4 AUC=0.7222 | params={'C': 24.306025764782607, 'gamma': 0.4273848105646639, 'kernel': 'rbf'}
2026-07-13 18:32:35 - wildfire_susceptibility.modeling.training.cv - INFO - [summer][svm] trial 8 fold 5: fitting on 4,800 rows...
2026-07-13 18:32:40 - wildfire_susceptibility.modeling.training.search - INFO - [summer][svm] trial 8 fold 5 AUC=0.7013 | params={'C': 24.306025764782607, 'gamma': 0.4273848105646639, 'kernel': 'rbf'}
2026-07-13 18:32:40 - wildfire_susceptibility.modeling.training.cv - INFO - [summer][svm] trial 9 fold 1: fitting on 4,800 rows...
2026-07-13 18:32:42 - wildfire_susceptibility.modeling.training.search - INFO - [summer][svm] trial 9 fold 1 AUC=0.6983 | params={'C': 4.69053506436417, 'gamma': 0.0001910364890871722, 'kernel': 'linear'}
2026-07-13 18:32:42 - wildfire_susceptibility.modeling.training.cv - INFO - [summer][svm] trial 9 fold 2: fitting on 4,800 rows...
2026-07-13 18:32:44 - wildfire_susceptibility.modeling.training.search - INFO - [summer][svm] trial 9 fold 2 AUC=0.6972 | params={'C': 4.69053506436417, 'gamma': 0.0001910364890871722, 'kernel': 'linear'}
2026-07-13 18:32:44 - wildfire_susceptibility.modeling.training.cv - INFO - [summer][svm] trial 10 fold 1: fitting on 4,800 rows...
2026-07-13 18:32:47 - wildfire_susceptibility.modeling.training.search - INFO - [summer][svm] trial 10 fold 1 AUC=0.6538 | params={'C': 0.013520766896912081, 'gamma': 0.00327961697123554, 'kernel': 'rbf'}
2026-07-13 18:32:47 - wildfire_susceptibility.modeling.training.cv - INFO - [summer][svm] trial 10 fold 2: fitting on 4,800 rows...
2026-07-13 18:32:49 - wildfire_susceptibility.modeling.training.search - INFO - [summer][svm] trial 10 fold 2 AUC=0.6189 | params={'C': 0.013520766896912081, 'gamma': 0.00327961697123554, 'kernel': 'rbf'}
2026-07-13 18:32:49 - wildfire_susceptibility.modeling.training.cv - INFO - [summer][svm] trial 11 fold 1: fitting on 4,800 rows...
2026-07-13 18:32:54 - wildfire_susceptibility.modeling.training.search - INFO - [summer][svm] trial 11 fold 1 AUC=0.7074 | params={'C': 0.4975022941095491, 'gamma': 0.945662572362488, 'kernel': 'rbf'}
2026-07-13 18:32:54 - wildfire_susceptibility.modeling.training.cv - INFO - [summer][svm] trial 11 fold 2: fitting on 4,800 rows...
2026-07-13 18:32:59 - wildfire_susceptibility.modeling.training.search - INFO - [summer][svm] trial 11 fold 2 AUC=0.6553 | params={'C': 0.4975022941095491, 'gamma': 0.945662572362488, 'kernel': 'rbf'}
2026-07-13 18:32:59 - wildfire_susceptibility.modeling.training.cv - INFO - [summer][svm] trial 11 fold 3: fitting on 4,800 rows...
2026-07-13 18:33:04 - wildfire_susceptibility.modeling.training.search - INFO - [summer][svm] trial 11 fold 3 AUC=0.6434 | params={'C': 0.4975022941095491, 'gamma': 0.945662572362488, 'kernel': 'rbf'}
2026-07-13 18:33:04 - wildfire_susceptibility.modeling.training.cv - INFO - [summer][svm] trial 11 fold 4: fitting on 4,800 rows...
2026-07-13 18:33:09 - wildfire_susceptibility.modeling.training.search - INFO - [summer][svm] trial 11 fold 4 AUC=0.6955 | params={'C': 0.4975022941095491, 'gamma': 0.945662572362488, 'kernel': 'rbf'}
2026-07-13 18:33:09 - wildfire_susceptibility.modeling.training.cv - INFO - [summer][svm] trial 11 fold 5: fitting on 4,800 rows...
2026-07-13 18:33:14 - wildfire_susceptibility.modeling.training.search - INFO - [summer][svm] trial 11 fold 5 AUC=0.7039 | params={'C': 0.4975022941095491, 'gamma': 0.945662572362488, 'kernel': 'rbf'}
2026-07-13 18:33:14 - wildfire_susceptibility.modeling.training.cv - INFO - [summer][svm] trial 12 fold 1: fitting on 4,800 rows...
2026-07-13 18:33:20 - wildfire_susceptibility.modeling.training.search - INFO - [summer][svm] trial 12 fold 1 AUC=0.7313 | params={'C': 86.45764305171465, 'gamma': 0.25303114697146595, 'kernel': 'rbf'}
2026-07-13 18:33:20 - wildfire_susceptibility.modeling.training.cv - INFO - [summer][svm] trial 12 fold 2: fitting on 4,800 rows...
2026-07-13 18:33:24 - wildfire_susceptibility.modeling.training.search - INFO - [summer][svm] trial 12 fold 2 AUC=0.7147 | params={'C': 86.45764305171465, 'gamma': 0.25303114697146595, 'kernel': 'rbf'}
2026-07-13 18:33:24 - wildfire_susceptibility.modeling.training.cv - INFO - [summer][svm] trial 12 fold 3: fitting on 4,800 rows...
2026-07-13 18:33:29 - wildfire_susceptibility.modeling.training.search - INFO - [summer][svm] trial 12 fold 3 AUC=0.6738 | params={'C': 86.45764305171465, 'gamma': 0.25303114697146595, 'kernel': 'rbf'}
2026-07-13 18:33:29 - wildfire_susceptibility.modeling.training.cv - INFO - [summer][svm] trial 12 fold 4: fitting on 4,800 rows...
2026-07-13 18:33:34 - wildfire_susceptibility.modeling.training.search - INFO - [summer][svm] trial 12 fold 4 AUC=0.7161 | params={'C': 86.45764305171465, 'gamma': 0.25303114697146595, 'kernel': 'rbf'}
2026-07-13 18:33:34 - wildfire_susceptibility.modeling.training.cv - INFO - [summer][svm] trial 12 fold 5: fitting on 4,800 rows...
2026-07-13 18:33:40 - wildfire_susceptibility.modeling.training.search - INFO - [summer][svm] trial 12 fold 5 AUC=0.7192 | params={'C': 86.45764305171465, 'gamma': 0.25303114697146595, 'kernel': 'rbf'}
2026-07-13 18:33:40 - wildfire_susceptibility.modeling.training.cv - INFO - [summer][svm] trial 13 fold 1: fitting on 4,800 rows...
2026-07-13 18:33:44 - wildfire_susceptibility.modeling.training.search - INFO - [summer][svm] trial 13 fold 1 AUC=0.7043 | params={'C': 96.28150842212841, 'gamma': 0.007724982320809708, 'kernel': 'rbf'}
2026-07-13 18:33:44 - wildfire_susceptibility.modeling.training.cv - INFO - [summer][svm] trial 13 fold 2: fitting on 4,800 rows...
2026-07-13 18:33:48 - wildfire_susceptibility.modeling.training.search - INFO - [summer][svm] trial 13 fold 2 AUC=0.6708 | params={'C': 96.28150842212841, 'gamma': 0.007724982320809708, 'kernel': 'rbf'}
2026-07-13 18:33:48 - wildfire_susceptibility.modeling.training.cv - INFO - [summer][svm] trial 13 fold 3: fitting on 4,800 rows...
2026-07-13 18:33:52 - wildfire_susceptibility.modeling.training.search - INFO - [summer][svm] trial 13 fold 3 AUC=0.6729 | params={'C': 96.28150842212841, 'gamma': 0.007724982320809708, 'kernel': 'rbf'}
2026-07-13 18:33:52 - wildfire_susceptibility.modeling.training.cv - INFO - [summer][svm] trial 13 fold 4: fitting on 4,800 rows...
2026-07-13 18:33:56 - wildfire_susceptibility.modeling.training.search - INFO - [summer][svm] trial 13 fold 4 AUC=0.7096 | params={'C': 96.28150842212841, 'gamma': 0.007724982320809708, 'kernel': 'rbf'}
2026-07-13 18:33:56 - wildfire_susceptibility.modeling.training.cv - INFO - [summer][svm] trial 13 fold 5: fitting on 4,800 rows...
2026-07-13 18:34:00 - wildfire_susceptibility.modeling.training.search - INFO - [summer][svm] trial 13 fold 5 AUC=0.6953 | params={'C': 96.28150842212841, 'gamma': 0.007724982320809708, 'kernel': 'rbf'}
2026-07-13 18:34:00 - wildfire_susceptibility.modeling.training.cv - INFO - [summer][svm] trial 14 fold 1: fitting on 4,800 rows...
2026-07-13 18:34:04 - wildfire_susceptibility.modeling.training.search - INFO - [summer][svm] trial 14 fold 1 AUC=0.7412 | params={'C': 0.1642853802223409, 'gamma': 0.18192604965882653, 'kernel': 'rbf'}
2026-07-13 18:34:04 - wildfire_susceptibility.modeling.training.cv - INFO - [summer][svm] trial 14 fold 2: fitting on 4,800 rows...
2026-07-13 18:34:07 - wildfire_susceptibility.modeling.training.search - INFO - [summer][svm] trial 14 fold 2 AUC=0.6867 | params={'C': 0.1642853802223409, 'gamma': 0.18192604965882653, 'kernel': 'rbf'}
2026-07-13 18:34:07 - wildfire_susceptibility.modeling.training.cv - INFO - [summer][svm] trial 14 fold 3: fitting on 4,800 rows...
2026-07-13 18:34:10 - wildfire_susceptibility.modeling.training.search - INFO - [summer][svm] trial 14 fold 3 AUC=0.6956 | params={'C': 0.1642853802223409, 'gamma': 0.18192604965882653, 'kernel': 'rbf'}
2026-07-13 18:34:10 - wildfire_susceptibility.modeling.training.cv - INFO - [summer][svm] trial 14 fold 4: fitting on 4,800 rows...
2026-07-13 18:34:13 - wildfire_susceptibility.modeling.training.search - INFO - [summer][svm] trial 14 fold 4 AUC=0.6875 | params={'C': 0.1642853802223409, 'gamma': 0.18192604965882653, 'kernel': 'rbf'}
2026-07-13 18:34:13 - wildfire_susceptibility.modeling.training.cv - INFO - [summer][svm] trial 14 fold 5: fitting on 4,800 rows...
2026-07-13 18:34:17 - wildfire_susceptibility.modeling.training.search - INFO - [summer][svm] trial 14 fold 5 AUC=0.7353 | params={'C': 0.1642853802223409, 'gamma': 0.18192604965882653, 'kernel': 'rbf'}
2026-07-13 18:34:17 - wildfire_susceptibility.modeling.training.cv - INFO - [summer][svm] trial 15 fold 1: fitting on 4,800 rows...
2026-07-13 18:34:20 - wildfire_susceptibility.modeling.training.search - INFO - [summer][svm] trial 15 fold 1 AUC=0.7595 | params={'C': 4.624055960950881, 'gamma': 0.01062586777274119, 'kernel': 'rbf'}
2026-07-13 18:34:20 - wildfire_susceptibility.modeling.training.cv - INFO - [summer][svm] trial 15 fold 2: fitting on 4,800 rows...
2026-07-13 18:34:23 - wildfire_susceptibility.modeling.training.search - INFO - [summer][svm] trial 15 fold 2 AUC=0.7051 | params={'C': 4.624055960950881, 'gamma': 0.01062586777274119, 'kernel': 'rbf'}
2026-07-13 18:34:23 - wildfire_susceptibility.modeling.training.cv - INFO - [summer][svm] trial 15 fold 3: fitting on 4,800 rows...
2026-07-13 18:34:27 - wildfire_susceptibility.modeling.training.search - INFO - [summer][svm] trial 15 fold 3 AUC=0.7286 | params={'C': 4.624055960950881, 'gamma': 0.01062586777274119, 'kernel': 'rbf'}
2026-07-13 18:34:27 - wildfire_susceptibility.modeling.training.cv - INFO - [summer][svm] trial 15 fold 4: fitting on 4,800 rows...
2026-07-13 18:34:30 - wildfire_susceptibility.modeling.training.search - INFO - [summer][svm] trial 15 fold 4 AUC=0.7208 | params={'C': 4.624055960950881, 'gamma': 0.01062586777274119, 'kernel': 'rbf'}
2026-07-13 18:34:30 - wildfire_susceptibility.modeling.training.cv - INFO - [summer][svm] trial 15 fold 5: fitting on 4,800 rows...
2026-07-13 18:34:33 - wildfire_susceptibility.modeling.training.search - INFO - [summer][svm] trial 15 fold 5 AUC=0.7439 | params={'C': 4.624055960950881, 'gamma': 0.01062586777274119, 'kernel': 'rbf'}
2026-07-13 18:34:33 - wildfire_susceptibility.modeling.training.cv - INFO - [summer][svm] trial 16 fold 1: fitting on 4,800 rows...
2026-07-13 18:34:37 - wildfire_susceptibility.modeling.training.search - INFO - [summer][svm] trial 16 fold 1 AUC=0.7531 | params={'C': 5.109352873122666, 'gamma': 0.010806782475193852, 'kernel': 'rbf'}
2026-07-13 18:34:37 - wildfire_susceptibility.modeling.training.cv - INFO - [summer][svm] trial 16 fold 2: fitting on 4,800 rows...
2026-07-13 18:34:40 - wildfire_susceptibility.modeling.training.search - INFO - [summer][svm] trial 16 fold 2 AUC=0.7054 | params={'C': 5.109352873122666, 'gamma': 0.010806782475193852, 'kernel': 'rbf'}
2026-07-13 18:34:40 - wildfire_susceptibility.modeling.training.cv - INFO - [summer][svm] trial 16 fold 3: fitting on 4,800 rows...
2026-07-13 18:34:43 - wildfire_susceptibility.modeling.training.search - INFO - [summer][svm] trial 16 fold 3 AUC=0.7281 | params={'C': 5.109352873122666, 'gamma': 0.010806782475193852, 'kernel': 'rbf'}
2026-07-13 18:34:43 - wildfire_susceptibility.modeling.training.cv - INFO - [summer][svm] trial 16 fold 4: fitting on 4,800 rows...
2026-07-13 18:34:46 - wildfire_susceptibility.modeling.training.search - INFO - [summer][svm] trial 16 fold 4 AUC=0.7205 | params={'C': 5.109352873122666, 'gamma': 0.010806782475193852, 'kernel': 'rbf'}
2026-07-13 18:34:46 - wildfire_susceptibility.modeling.training.cv - INFO - [summer][svm] trial 16 fold 5: fitting on 4,800 rows...
2026-07-13 18:34:50 - wildfire_susceptibility.modeling.training.search - INFO - [summer][svm] trial 16 fold 5 AUC=0.7437 | params={'C': 5.109352873122666, 'gamma': 0.010806782475193852, 'kernel': 'rbf'}
2026-07-13 18:34:50 - wildfire_susceptibility.modeling.training.cv - INFO - [summer][svm] trial 17 fold 1: fitting on 4,800 rows...
2026-07-13 18:34:53 - wildfire_susceptibility.modeling.training.search - INFO - [summer][svm] trial 17 fold 1 AUC=0.7517 | params={'C': 8.572304086422736, 'gamma': 0.011634770178510464, 'kernel': 'rbf'}
2026-07-13 18:34:53 - wildfire_susceptibility.modeling.training.cv - INFO - [summer][svm] trial 17 fold 2: fitting on 4,800 rows...
2026-07-13 18:34:56 - wildfire_susceptibility.modeling.training.search - INFO - [summer][svm] trial 17 fold 2 AUC=0.6795 | params={'C': 8.572304086422736, 'gamma': 0.011634770178510464, 'kernel': 'rbf'}
2026-07-13 18:34:56 - wildfire_susceptibility.modeling.training.cv - INFO - [summer][svm] trial 17 fold 3: fitting on 4,800 rows...
2026-07-13 18:35:00 - wildfire_susceptibility.modeling.training.search - INFO - [summer][svm] trial 17 fold 3 AUC=0.6430 | params={'C': 8.572304086422736, 'gamma': 0.011634770178510464, 'kernel': 'rbf'}
2026-07-13 18:35:00 - wildfire_susceptibility.modeling.training.cv - INFO - [summer][svm] trial 17 fold 4: fitting on 4,800 rows...
2026-07-13 18:35:03 - wildfire_susceptibility.modeling.training.search - INFO - [summer][svm] trial 17 fold 4 AUC=0.7010 | params={'C': 8.572304086422736, 'gamma': 0.011634770178510464, 'kernel': 'rbf'}
2026-07-13 18:35:03 - wildfire_susceptibility.modeling.training.cv - INFO - [summer][svm] trial 17 fold 5: fitting on 4,800 rows...
2026-07-13 18:35:06 - wildfire_susceptibility.modeling.training.search - INFO - [summer][svm] trial 17 fold 5 AUC=0.7402 | params={'C': 8.572304086422736, 'gamma': 0.011634770178510464, 'kernel': 'rbf'}
2026-07-13 18:35:06 - wildfire_susceptibility.modeling.training.cv - INFO - [summer][svm] trial 18 fold 1: fitting on 4,800 rows...
2026-07-13 18:35:10 - wildfire_susceptibility.modeling.training.search - INFO - [summer][svm] trial 18 fold 1 AUC=0.6847 | params={'C': 2.018460024068768, 'gamma': 0.000759312611354099, 'kernel': 'rbf'}
2026-07-13 18:35:10 - wildfire_susceptibility.modeling.training.cv - INFO - [summer][svm] trial 18 fold 2: fitting on 4,800 rows...
2026-07-13 18:35:13 - wildfire_susceptibility.modeling.training.search - INFO - [summer][svm] trial 18 fold 2 AUC=0.6589 | params={'C': 2.018460024068768, 'gamma': 0.000759312611354099, 'kernel': 'rbf'}
2026-07-13 18:35:13 - wildfire_susceptibility.modeling.training.cv - INFO - [summer][svm] trial 19 fold 1: fitting on 4,800 rows...
2026-07-13 18:35:16 - wildfire_susceptibility.modeling.training.search - INFO - [summer][svm] trial 19 fold 1 AUC=0.7623 | params={'C': 0.34845248181293575, 'gamma': 0.01245615982304031, 'kernel': 'rbf'}
2026-07-13 18:35:16 - wildfire_susceptibility.modeling.training.cv - INFO - [summer][svm] trial 19 fold 2: fitting on 4,800 rows...
2026-07-13 18:35:19 - wildfire_susceptibility.modeling.training.search - INFO - [summer][svm] trial 19 fold 2 AUC=0.7083 | params={'C': 0.34845248181293575, 'gamma': 0.01245615982304031, 'kernel': 'rbf'}
2026-07-13 18:35:19 - wildfire_susceptibility.modeling.training.cv - INFO - [summer][svm] trial 19 fold 3: fitting on 4,800 rows...
2026-07-13 18:35:22 - wildfire_susceptibility.modeling.training.search - INFO - [summer][svm] trial 19 fold 3 AUC=0.7291 | params={'C': 0.34845248181293575, 'gamma': 0.01245615982304031, 'kernel': 'rbf'}
2026-07-13 18:35:22 - wildfire_susceptibility.modeling.training.cv - INFO - [summer][svm] trial 19 fold 4: fitting on 4,800 rows...
2026-07-13 18:35:25 - wildfire_susceptibility.modeling.training.search - INFO - [summer][svm] trial 19 fold 4 AUC=0.7284 | params={'C': 0.34845248181293575, 'gamma': 0.01245615982304031, 'kernel': 'rbf'}
2026-07-13 18:35:25 - wildfire_susceptibility.modeling.training.cv - INFO - [summer][svm] trial 19 fold 5: fitting on 4,800 rows...
2026-07-13 18:35:28 - wildfire_susceptibility.modeling.training.search - INFO - [summer][svm] trial 19 fold 5 AUC=0.7421 | params={'C': 0.34845248181293575, 'gamma': 0.01245615982304031, 'kernel': 'rbf'}
2026-07-13 18:35:28 - wildfire_susceptibility.modeling.training.cv - INFO - [summer][svm] trial 20 fold 1: fitting on 4,800 rows...
2026-07-13 18:35:31 - wildfire_susceptibility.modeling.training.search - INFO - [summer][svm] trial 20 fold 1 AUC=0.6693 | params={'C': 0.023423606568242248, 'gamma': 0.002927450880396565, 'kernel': 'rbf'}
2026-07-13 18:35:31 - wildfire_susceptibility.modeling.training.cv - INFO - [summer][svm] trial 20 fold 2: fitting on 4,800 rows...
2026-07-13 18:35:33 - wildfire_susceptibility.modeling.training.search - INFO - [summer][svm] trial 20 fold 2 AUC=0.6302 | params={'C': 0.023423606568242248, 'gamma': 0.002927450880396565, 'kernel': 'rbf'}
2026-07-13 18:35:33 - wildfire_susceptibility.modeling.training.cv - INFO - [summer][svm] trial 21 fold 1: fitting on 4,800 rows...
2026-07-13 18:35:36 - wildfire_susceptibility.modeling.training.search - INFO - [summer][svm] trial 21 fold 1 AUC=0.7637 | params={'C': 0.3098819928433368, 'gamma': 0.0119411113695478, 'kernel': 'rbf'}
2026-07-13 18:35:36 - wildfire_susceptibility.modeling.training.cv - INFO - [summer][svm] trial 21 fold 2: fitting on 4,800 rows...
2026-07-13 18:35:39 - wildfire_susceptibility.modeling.training.search - INFO - [summer][svm] trial 21 fold 2 AUC=0.7133 | params={'C': 0.3098819928433368, 'gamma': 0.0119411113695478, 'kernel': 'rbf'}
2026-07-13 18:35:39 - wildfire_susceptibility.modeling.training.cv - INFO - [summer][svm] trial 21 fold 3: fitting on 4,800 rows...
2026-07-13 18:35:42 - wildfire_susceptibility.modeling.training.search - INFO - [summer][svm] trial 21 fold 3 AUC=0.7318 | params={'C': 0.3098819928433368, 'gamma': 0.0119411113695478, 'kernel': 'rbf'}
2026-07-13 18:35:43 - wildfire_susceptibility.modeling.training.cv - INFO - [summer][svm] trial 21 fold 4: fitting on 4,800 rows...
2026-07-13 18:35:45 - wildfire_susceptibility.modeling.training.search - INFO - [summer][svm] trial 21 fold 4 AUC=0.7296 | params={'C': 0.3098819928433368, 'gamma': 0.0119411113695478, 'kernel': 'rbf'}
2026-07-13 18:35:45 - wildfire_susceptibility.modeling.training.cv - INFO - [summer][svm] trial 21 fold 5: fitting on 4,800 rows...
2026-07-13 18:35:48 - wildfire_susceptibility.modeling.training.search - INFO - [summer][svm] trial 21 fold 5 AUC=0.7441 | params={'C': 0.3098819928433368, 'gamma': 0.0119411113695478, 'kernel': 'rbf'}
2026-07-13 18:35:49 - wildfire_susceptibility.modeling.training.cv - INFO - [summer][svm] trial 22 fold 1: fitting on 4,800 rows...
2026-07-13 18:35:52 - wildfire_susceptibility.modeling.training.search - INFO - [summer][svm] trial 22 fold 1 AUC=0.7609 | params={'C': 0.34471827137457833, 'gamma': 0.016957469001993828, 'kernel': 'rbf'}
2026-07-13 18:35:52 - wildfire_susceptibility.modeling.training.cv - INFO - [summer][svm] trial 22 fold 2: fitting on 4,800 rows...
2026-07-13 18:35:55 - wildfire_susceptibility.modeling.training.search - INFO - [summer][svm] trial 22 fold 2 AUC=0.7147 | params={'C': 0.34471827137457833, 'gamma': 0.016957469001993828, 'kernel': 'rbf'}
2026-07-13 18:35:55 - wildfire_susceptibility.modeling.training.cv - INFO - [summer][svm] trial 22 fold 3: fitting on 4,800 rows...
2026-07-13 18:35:58 - wildfire_susceptibility.modeling.training.search - INFO - [summer][svm] trial 22 fold 3 AUC=0.7247 | params={'C': 0.34471827137457833, 'gamma': 0.016957469001993828, 'kernel': 'rbf'}
2026-07-13 18:35:58 - wildfire_susceptibility.modeling.training.cv - INFO - [summer][svm] trial 22 fold 4: fitting on 4,800 rows...
2026-07-13 18:36:01 - wildfire_susceptibility.modeling.training.search - INFO - [summer][svm] trial 22 fold 4 AUC=0.7278 | params={'C': 0.34471827137457833, 'gamma': 0.016957469001993828, 'kernel': 'rbf'}
2026-07-13 18:36:01 - wildfire_susceptibility.modeling.training.cv - INFO - [summer][svm] trial 22 fold 5: fitting on 4,800 rows...
2026-07-13 18:36:04 - wildfire_susceptibility.modeling.training.search - INFO - [summer][svm] trial 22 fold 5 AUC=0.7407 | params={'C': 0.34471827137457833, 'gamma': 0.016957469001993828, 'kernel': 'rbf'}
2026-07-13 18:36:04 - wildfire_susceptibility.modeling.training.cv - INFO - [summer][svm] trial 23 fold 1: fitting on 4,800 rows...
2026-07-13 18:36:07 - wildfire_susceptibility.modeling.training.search - INFO - [summer][svm] trial 23 fold 1 AUC=0.7609 | params={'C': 0.27283919768732845, 'gamma': 0.020522942093037375, 'kernel': 'rbf'}
2026-07-13 18:36:07 - wildfire_susceptibility.modeling.training.cv - INFO - [summer][svm] trial 23 fold 2: fitting on 4,800 rows...
2026-07-13 18:36:10 - wildfire_susceptibility.modeling.training.search - INFO - [summer][svm] trial 23 fold 2 AUC=0.7119 | params={'C': 0.27283919768732845, 'gamma': 0.020522942093037375, 'kernel': 'rbf'}
2026-07-13 18:36:10 - wildfire_susceptibility.modeling.training.cv - INFO - [summer][svm] trial 23 fold 3: fitting on 4,800 rows...
2026-07-13 18:36:13 - wildfire_susceptibility.modeling.training.search - INFO - [summer][svm] trial 23 fold 3 AUC=0.7234 | params={'C': 0.27283919768732845, 'gamma': 0.020522942093037375, 'kernel': 'rbf'}
2026-07-13 18:36:13 - wildfire_susceptibility.modeling.training.cv - INFO - [summer][svm] trial 23 fold 4: fitting on 4,800 rows...
2026-07-13 18:36:17 - wildfire_susceptibility.modeling.training.search - INFO - [summer][svm] trial 23 fold 4 AUC=0.7272 | params={'C': 0.27283919768732845, 'gamma': 0.020522942093037375, 'kernel': 'rbf'}
2026-07-13 18:36:17 - wildfire_susceptibility.modeling.training.cv - INFO - [summer][svm] trial 23 fold 5: fitting on 4,800 rows...
2026-07-13 18:36:21 - wildfire_susceptibility.modeling.training.search - INFO - [summer][svm] trial 23 fold 5 AUC=0.7386 | params={'C': 0.27283919768732845, 'gamma': 0.020522942093037375, 'kernel': 'rbf'}
2026-07-13 18:36:21 - wildfire_susceptibility.modeling.training.cv - INFO - [summer][svm] trial 24 fold 1: fitting on 4,800 rows...
2026-07-13 18:36:24 - wildfire_susceptibility.modeling.training.search - INFO - [summer][svm] trial 24 fold 1 AUC=0.7386 | params={'C': 0.06255778612847875, 'gamma': 0.005085499661349511, 'kernel': 'rbf'}
2026-07-13 18:36:24 - wildfire_susceptibility.modeling.training.cv - INFO - [summer][svm] trial 24 fold 2: fitting on 4,800 rows...
2026-07-13 18:36:27 - wildfire_susceptibility.modeling.training.search - INFO - [summer][svm] trial 24 fold 2 AUC=0.6841 | params={'C': 0.06255778612847875, 'gamma': 0.005085499661349511, 'kernel': 'rbf'}
2026-07-13 18:36:27 - wildfire_susceptibility.modeling.training.cv - INFO - [summer][svm] trial 24 fold 3: fitting on 4,800 rows...
2026-07-13 18:36:30 - wildfire_susceptibility.modeling.training.search - INFO - [summer][svm] trial 24 fold 3 AUC=0.6963 | params={'C': 0.06255778612847875, 'gamma': 0.005085499661349511, 'kernel': 'rbf'}
2026-07-13 18:36:30 - wildfire_susceptibility.modeling.training.cv - INFO - [summer][svm] trial 24 fold 4: fitting on 4,800 rows...
2026-07-13 18:36:32 - wildfire_susceptibility.modeling.training.search - INFO - [summer][svm] trial 24 fold 4 AUC=0.7461 | params={'C': 0.06255778612847875, 'gamma': 0.005085499661349511, 'kernel': 'rbf'}
2026-07-13 18:36:32 - wildfire_susceptibility.modeling.training.cv - INFO - [summer][svm] trial 24 fold 5: fitting on 4,800 rows...
2026-07-13 18:36:35 - wildfire_susceptibility.modeling.training.search - INFO - [summer][svm] trial 24 fold 5 AUC=0.7263 | params={'C': 0.06255778612847875, 'gamma': 0.005085499661349511, 'kernel': 'rbf'}
2026-07-13 18:36:35 - wildfire_susceptibility.modeling.training.cv - INFO - [summer][svm] trial 25 fold 1: fitting on 4,800 rows...
2026-07-13 18:36:38 - wildfire_susceptibility.modeling.training.search - INFO - [summer][svm] trial 25 fold 1 AUC=0.7621 | params={'C': 0.05928897879111767, 'gamma': 0.024625681757845866, 'kernel': 'rbf'}
2026-07-13 18:36:38 - wildfire_susceptibility.modeling.training.cv - INFO - [summer][svm] trial 25 fold 2: fitting on 4,800 rows...
2026-07-13 18:36:41 - wildfire_susceptibility.modeling.training.search - INFO - [summer][svm] trial 25 fold 2 AUC=0.7097 | params={'C': 0.05928897879111767, 'gamma': 0.024625681757845866, 'kernel': 'rbf'}
2026-07-13 18:36:41 - wildfire_susceptibility.modeling.training.cv - INFO - [summer][svm] trial 25 fold 3: fitting on 4,800 rows...
2026-07-13 18:36:44 - wildfire_susceptibility.modeling.training.search - INFO - [summer][svm] trial 25 fold 3 AUC=0.7220 | params={'C': 0.05928897879111767, 'gamma': 0.024625681757845866, 'kernel': 'rbf'}
2026-07-13 18:36:44 - wildfire_susceptibility.modeling.training.cv - INFO - [summer][svm] trial 25 fold 4: fitting on 4,800 rows...
2026-07-13 18:36:47 - wildfire_susceptibility.modeling.training.search - INFO - [summer][svm] trial 25 fold 4 AUC=0.7258 | params={'C': 0.05928897879111767, 'gamma': 0.024625681757845866, 'kernel': 'rbf'}
2026-07-13 18:36:47 - wildfire_susceptibility.modeling.training.cv - INFO - [summer][svm] trial 25 fold 5: fitting on 4,800 rows...
2026-07-13 18:36:50 - wildfire_susceptibility.modeling.training.search - INFO - [summer][svm] trial 25 fold 5 AUC=0.7393 | params={'C': 0.05928897879111767, 'gamma': 0.024625681757845866, 'kernel': 'rbf'}
2026-07-13 18:36:50 - wildfire_susceptibility.modeling.training.cv - INFO - [summer][svm] trial 26 fold 1: fitting on 4,800 rows...
2026-07-13 18:36:53 - wildfire_susceptibility.modeling.training.search - INFO - [summer][svm] trial 26 fold 1 AUC=0.6128 | params={'C': 0.3204261962406147, 'gamma': 0.0008740737096221694, 'kernel': 'rbf'}
2026-07-13 18:36:53 - wildfire_susceptibility.modeling.training.cv - INFO - [summer][svm] trial 26 fold 2: fitting on 4,800 rows...
2026-07-13 18:36:55 - wildfire_susceptibility.modeling.training.search - INFO - [summer][svm] trial 26 fold 2 AUC=0.6014 | params={'C': 0.3204261962406147, 'gamma': 0.0008740737096221694, 'kernel': 'rbf'}
2026-07-13 18:36:55 - wildfire_susceptibility.modeling.training.cv - INFO - [summer][svm] trial 27 fold 1: fitting on 4,800 rows...
2026-07-13 18:36:58 - wildfire_susceptibility.modeling.training.search - INFO - [summer][svm] trial 27 fold 1 AUC=0.7606 | params={'C': 0.6025461179465673, 'gamma': 0.017014271418774835, 'kernel': 'rbf'}
2026-07-13 18:36:58 - wildfire_susceptibility.modeling.training.cv - INFO - [summer][svm] trial 27 fold 2: fitting on 4,800 rows...
2026-07-13 18:37:02 - wildfire_susceptibility.modeling.training.search - INFO - [summer][svm] trial 27 fold 2 AUC=0.7134 | params={'C': 0.6025461179465673, 'gamma': 0.017014271418774835, 'kernel': 'rbf'}
2026-07-13 18:37:02 - wildfire_susceptibility.modeling.training.cv - INFO - [summer][svm] trial 27 fold 3: fitting on 4,800 rows...
2026-07-13 18:37:05 - wildfire_susceptibility.modeling.training.search - INFO - [summer][svm] trial 27 fold 3 AUC=0.7241 | params={'C': 0.6025461179465673, 'gamma': 0.017014271418774835, 'kernel': 'rbf'}
2026-07-13 18:37:05 - wildfire_susceptibility.modeling.training.cv - INFO - [summer][svm] trial 27 fold 4: fitting on 4,800 rows...
2026-07-13 18:37:08 - wildfire_susceptibility.modeling.training.search - INFO - [summer][svm] trial 27 fold 4 AUC=0.7282 | params={'C': 0.6025461179465673, 'gamma': 0.017014271418774835, 'kernel': 'rbf'}
2026-07-13 18:37:08 - wildfire_susceptibility.modeling.training.cv - INFO - [summer][svm] trial 27 fold 5: fitting on 4,800 rows...
2026-07-13 18:37:11 - wildfire_susceptibility.modeling.training.search - INFO - [summer][svm] trial 27 fold 5 AUC=0.7396 | params={'C': 0.6025461179465673, 'gamma': 0.017014271418774835, 'kernel': 'rbf'}
2026-07-13 18:37:11 - wildfire_susceptibility.modeling.training.cv - INFO - [summer][svm] trial 28 fold 1: fitting on 4,800 rows...
2026-07-13 18:37:14 - wildfire_susceptibility.modeling.training.search - INFO - [summer][svm] trial 28 fold 1 AUC=0.6403 | params={'C': 0.07608537008002436, 'gamma': 0.0020594844024309452, 'kernel': 'rbf'}
2026-07-13 18:37:14 - wildfire_susceptibility.modeling.training.cv - INFO - [summer][svm] trial 28 fold 2: fitting on 4,800 rows...
2026-07-13 18:37:17 - wildfire_susceptibility.modeling.training.search - INFO - [summer][svm] trial 28 fold 2 AUC=0.6342 | params={'C': 0.07608537008002436, 'gamma': 0.0020594844024309452, 'kernel': 'rbf'}
2026-07-13 18:37:17 - wildfire_susceptibility.modeling.training.cv - INFO - [summer][svm] trial 29 fold 1: fitting on 4,800 rows...
2026-07-13 18:37:20 - wildfire_susceptibility.modeling.training.search - INFO - [summer][svm] trial 29 fold 1 AUC=0.6981 | params={'C': 1.2786449096433539, 'gamma': 0.04382019360955182, 'kernel': 'rbf'}
2026-07-13 18:37:20 - wildfire_susceptibility.modeling.training.cv - INFO - [summer][svm] trial 29 fold 2: fitting on 4,800 rows...
2026-07-13 18:37:23 - wildfire_susceptibility.modeling.training.search - INFO - [summer][svm] trial 29 fold 2 AUC=0.6804 | params={'C': 1.2786449096433539, 'gamma': 0.04382019360955182, 'kernel': 'rbf'}
2026-07-13 18:37:24 - wildfire_susceptibility.modeling.training.cv - INFO - [summer][svm] spatial CV fold 1/5: fitting on 846,233 rows...
2026-07-13 20:49:22 - wildfire_susceptibility - INFO - Logger initialized: wildfire_susceptibility
2026-07-13 20:49:22 - wildfire_susceptibility - INFO - === Running stage: static ===
2026-07-13 20:49:22 - wildfire_susceptibility - INFO - [stage_static] Building static features...
2026-07-13 20:49:22 - wildfire_susceptibility.utils.checkpoint - INFO - [CACHED] BoundaryBuilder: outputs already exist, skipping computation
2026-07-13 20:49:22 - wildfire_susceptibility.utils.checkpoint - INFO - [CACHED] TopographyBuilder: outputs already exist, skipping computation
2026-07-13 20:49:22 - wildfire_susceptibility.utils.checkpoint - INFO - [CACHED] ProximityBuilder: outputs already exist, skipping computation
2026-07-13 20:49:22 - wildfire_susceptibility - INFO - [stage_static] Complete — 9 output path(s).
2026-07-13 20:49:22 - wildfire_susceptibility - INFO - === Stage complete: static ===
2026-07-13 20:49:22 - wildfire_susceptibility - INFO - === Running stage: seasonal ===
2026-07-13 20:49:22 - wildfire_susceptibility - INFO - [stage_seasonal] [summer] Building seasonal features...
2026-07-13 20:49:22 - wildfire_susceptibility.utils.checkpoint - INFO - [CACHED] ClimateBuilder[summer][train]: outputs already exist, skipping computation
2026-07-13 20:49:22 - wildfire_susceptibility.utils.checkpoint - INFO - [CACHED] ClimateBuilder[summer][test]: outputs already exist, skipping computation
2026-07-13 20:49:23 - wildfire_susceptibility - INFO - === Stage complete: seasonal ===
2026-07-13 20:49:23 - wildfire_susceptibility - INFO - === Running stage: labels ===
2026-07-13 20:49:23 - wildfire_susceptibility - INFO - [stage_labels] [summer] Building fire labels...
2026-07-13 20:49:23 - wildfire_susceptibility.utils.checkpoint - INFO - [CACHED] FireBuilder[summer]: outputs already exist, skipping computation
2026-07-13 20:49:23 - wildfire_susceptibility.utils.checkpoint - INFO - [CACHED] KDClassifier[conv][summer_train]: outputs already exist, skipping computation
2026-07-13 20:49:23 - wildfire_susceptibility.utils.checkpoint - INFO - [CACHED] KDClassifier[convolution][gmm][summer_train]: outputs already exist, skipping computation
2026-07-13 20:49:23 - wildfire_susceptibility.utils.checkpoint - INFO - [CACHED] KDClassifier[conv][summer_test]: outputs already exist, skipping computation
2026-07-13 20:49:23 - wildfire_susceptibility.utils.checkpoint - INFO - [CACHED] KDClassifier[convolution][gmm][summer_test]: outputs already exist, skipping computation
2026-07-13 20:49:24 - wildfire_susceptibility - INFO - === Stage complete: labels ===
2026-07-13 20:49:24 - wildfire_susceptibility - INFO - === Running stage: integration ===
2026-07-13 20:49:24 - wildfire_susceptibility - INFO - [stage_integration] [CACHED] summer/train -> dataset_train_summer.csv
2026-07-13 20:49:24 - wildfire_susceptibility - INFO - [stage_integration] [CACHED] summer/test -> dataset_test_summer.csv
2026-07-13 20:49:24 - wildfire_susceptibility - INFO - === Stage complete: integration ===
2026-07-13 20:49:50 - wildfire_susceptibility - INFO - Logger initialized: wildfire_susceptibility
2026-07-13 20:49:50 - wildfire_susceptibility - INFO - === Running stage: preprocessing ===
2026-07-13 20:49:50 - wildfire_susceptibility - INFO - [stage_preprocessing] [CACHED] summer -> dataset_train_summer_clean.csv, dataset_test_summer_clean.csv
2026-07-13 20:49:50 - wildfire_susceptibility - INFO - === Stage complete: preprocessing ===
2026-07-13 20:49:50 - wildfire_susceptibility - INFO - === Running stage: train ===
2026-07-13 20:49:51 - wildfire_susceptibility - INFO - [stage_train] [summer] Loading cleaned datasets...
2026-07-13 20:49:55 - wildfire_susceptibility.modeling.dataset_prep - INFO - Assigned 1,057,753 rows to 168 spatial blocks (5 km grid)
2026-07-13 20:49:55 - wildfire_susceptibility - INFO - [stage_train] [summer][random_forest] Search + refit...
2026-07-13 20:49:55 - wildfire_susceptibility.modeling.training.search - INFO - [summer][random_forest] removing 1 incomplete trial(s) from a previous run: [7]
2026-07-13 20:49:55 - wildfire_susceptibility.modeling.training.search - WARNING - Could not mark trial 7 as FAILED: Cannot tell a FAIL trial.
2026-07-13 20:49:56 - wildfire_susceptibility.modeling.training.trainer - INFO - [summer][random_forest] spatial search subsample: 46,490/1,057,753 rows across 10 block(s)
2026-07-13 20:49:56 - wildfire_susceptibility.modeling.training.trainer - INFO - [summer][random_forest] train shape=(1057753, 12) | search shape=(46490, 12) (spatial CV) | class counts={0.0: 679817, 1.0: 297161, 2.0: 70067, 3.0: 10708}
2026-07-13 20:49:56 - wildfire_susceptibility.modeling.training.search - INFO - [summer][random_forest] finished=30 target=30 remaining=0
2026-07-13 20:49:56 - wildfire_susceptibility.modeling.training.search - INFO - [summer][random_forest] target trial count already reached; skipping search
2026-07-13 20:49:56 - wildfire_susceptibility.modeling.training.cv - INFO - [summer][random_forest] standard CV (diagnostic) fold 1/5: fitting on 846,202 rows...
2026-07-13 21:15:33 - wildfire_susceptibility - INFO - Logger initialized: wildfire_susceptibility
2026-07-13 21:15:33 - wildfire_susceptibility - INFO - === Running stage: static ===
2026-07-13 21:15:33 - wildfire_susceptibility - INFO - [stage_static] Building static features...
2026-07-13 21:26:37 - wildfire_susceptibility - INFO - Logger initialized: wildfire_susceptibility
2026-07-13 21:26:37 - wildfire_susceptibility - INFO - === Running stage: static ===
2026-07-13 21:26:37 - wildfire_susceptibility - INFO - [stage_static] Building static features...
2026-07-13 21:27:32 - wildfire_susceptibility - INFO - Logger initialized: wildfire_susceptibility
2026-07-13 21:27:32 - wildfire_susceptibility - INFO - === Running stage: static ===
2026-07-13 21:27:32 - wildfire_susceptibility - INFO - [stage_static] Building static features...
2026-07-13 21:27:32 - wildfire_susceptibility.utils.checkpoint - INFO - [CACHED] BoundaryBuilder: outputs already exist, skipping computation
2026-07-13 21:27:33 - wildfire_susceptibility - INFO - Merged 5 SRTM tiles: _tmp_srtm_merged.tif
2026-07-13 21:27:40 - wildfire_susceptibility.core.raster - INFO - Reprojected data\silver\layers\_tmp_srtm_merged.tif to data\silver\layers\_tmp_elev.tif
2026-07-13 21:27:50 - wildfire_susceptibility.core.raster - INFO - Written data\silver\layers\_tmp_slope.tif
2026-07-13 21:27:56 - wildfire_susceptibility.core.raster - INFO - Written data\silver\layers\_tmp_aspect.tif
2026-07-13 21:27:56 - wildfire_susceptibility - INFO - Slope and aspect derived from clipped DEM.
2026-07-13 21:27:58 - wildfire_susceptibility.core.raster - INFO - Clipped data\silver\layers\_tmp_elev.tif to data\silver\layers\topo_elevation.tif
2026-07-13 21:28:00 - wildfire_susceptibility.core.raster - INFO - Clipped data\silver\layers\_tmp_aspect.tif to data\silver\layers\topo_aspect.tif
2026-07-13 21:28:01 - wildfire_susceptibility.core.raster - INFO - Clipped data\silver\layers\_tmp_slope.tif to data\silver\layers\topo_slope.tif
2026-07-13 21:28:02 - wildfire_susceptibility - INFO - Topography features complete.
2026-07-13 21:31:28 - wildfire_susceptibility.core.raster - INFO - Distance raster -> dist_roads.tif (681,912 feature px)
2026-07-13 21:31:28 - wildfire_susceptibility - INFO - Roads: distance raster written -> dist_roads.tif
2026-07-13 21:31:38 - wildfire_susceptibility.core.raster - INFO - Distance raster -> dist_rivers.tif (111,049 feature px)
2026-07-13 21:31:38 - wildfire_susceptibility - INFO - Rivers: distance raster written -> dist_rivers.tif
2026-07-13 21:32:14 - wildfire_susceptibility.core.raster - INFO - Distance raster -> dist_buildings.tif (264,638 feature px)
2026-07-13 21:32:14 - wildfire_susceptibility - INFO - Buildings: distance raster written -> dist_buildings.tif
2026-07-13 21:32:17 - wildfire_susceptibility - INFO - Land-use class raster written -> landuse_class.tif (11,555 polygons, 10 classes)
2026-07-13 21:32:20 - wildfire_susceptibility - INFO - [stage_static] Complete — 9 output path(s).
2026-07-13 21:32:20 - wildfire_susceptibility - INFO - === Stage complete: static ===
2026-07-13 21:32:20 - wildfire_susceptibility - INFO - === Running stage: seasonal ===
2026-07-13 21:32:20 - wildfire_susceptibility - INFO - [stage_seasonal] [summer] Building seasonal features...
2026-07-13 21:32:26 - wildfire_susceptibility.core.raster - INFO - Aligned data\silver\layers\_tmp_native_tas_summer_train.tif to reference, to data\silver\layers\_tmp_clip_tas_summer_train.tif
2026-07-13 21:32:27 - wildfire_susceptibility.core.raster - INFO - Clipped data\silver\layers\_tmp_clip_tas_summer_train.tif to data\silver\layers\meteo_tas_summer_train.tif
2026-07-13 21:32:27 - wildfire_susceptibility - INFO - [summer][train] Climate feature ready: tas: meteo_tas_summer_train.tif
2026-07-13 21:32:32 - wildfire_susceptibility.core.raster - INFO - Aligned data\silver\layers\_tmp_native_tasmax_summer_train.tif to reference, to data\silver\layers\_tmp_clip_tasmax_summer_train.tif
2026-07-13 21:32:33 - wildfire_susceptibility.core.raster - INFO - Clipped data\silver\layers\_tmp_clip_tasmax_summer_train.tif to data\silver\layers\meteo_tasmax_summer_train.tif
2026-07-13 21:32:33 - wildfire_susceptibility - INFO - [summer][train] Climate feature ready: tasmax: meteo_tasmax_summer_train.tif
2026-07-13 21:32:38 - wildfire_susceptibility.core.raster - INFO - Aligned data\silver\layers\_tmp_native_tasmin_summer_train.tif to reference, to data\silver\layers\_tmp_clip_tasmin_summer_train.tif
2026-07-13 21:32:39 - wildfire_susceptibility.core.raster - INFO - Clipped data\silver\layers\_tmp_clip_tasmin_summer_train.tif to data\silver\layers\meteo_tasmin_summer_train.tif
2026-07-13 21:32:39 - wildfire_susceptibility - INFO - [summer][train] Climate feature ready: tasmin: meteo_tasmin_summer_train.tif
2026-07-13 21:32:44 - wildfire_susceptibility.core.raster - INFO - Aligned data\silver\layers\_tmp_native_rainfall_summer_train.tif to reference, to data\silver\layers\_tmp_clip_rainfall_summer_train.tif
2026-07-13 21:32:45 - wildfire_susceptibility.core.raster - INFO - Clipped data\silver\layers\_tmp_clip_rainfall_summer_train.tif to data\silver\layers\meteo_rainfall_summer_train.tif
2026-07-13 21:32:45 - wildfire_susceptibility - INFO - [summer][train] Climate feature ready: rainfall: meteo_rainfall_summer_train.tif
2026-07-13 21:32:51 - wildfire_susceptibility.core.raster - INFO - Aligned data\silver\layers\_tmp_native_sfcWind_summer_train.tif to reference, to data\silver\layers\_tmp_clip_sfcWind_summer_train.tif
2026-07-13 21:32:52 - wildfire_susceptibility.core.raster - INFO - Clipped data\silver\layers\_tmp_clip_sfcWind_summer_train.tif to data\silver\layers\meteo_sfcWind_summer_train.tif
2026-07-13 21:32:52 - wildfire_susceptibility - INFO - [summer][train] Climate feature ready: sfcWind: meteo_sfcWind_summer_train.tif
2026-07-13 21:32:57 - wildfire_susceptibility.core.raster - INFO - Aligned data\silver\layers\_tmp_native_hurs_summer_train.tif to reference, to data\silver\layers\_tmp_clip_hurs_summer_train.tif
2026-07-13 21:32:59 - wildfire_susceptibility.core.raster - INFO - Clipped data\silver\layers\_tmp_clip_hurs_summer_train.tif to data\silver\layers\meteo_hurs_summer_train.tif
2026-07-13 21:32:59 - wildfire_susceptibility - INFO - [summer][train] Climate feature ready: hurs: meteo_hurs_summer_train.tif
2026-07-13 21:32:59 - wildfire_susceptibility.core.raster - INFO - Aligned data\silver\layers\_tmp_native_diurnal_range_summer_train.tif to reference, to data\silver\layers\_tmp_clip_diurnal_range_summer_train.tif
2026-07-13 21:33:01 - wildfire_susceptibility.core.raster - INFO - Clipped data\silver\layers\_tmp_clip_diurnal_range_summer_train.tif to data\silver\layers\meteo_diurnal_range_summer_train.tif
2026-07-13 21:33:04 - wildfire_susceptibility.core.raster - INFO - Aligned data\silver\layers\_tmp_ndvi_native_summer_train.tif to reference, to data\silver\layers\_tmp_clip_ndvi_summer_train.tif
2026-07-13 21:33:05 - wildfire_susceptibility.core.raster - INFO - Clipped data\silver\layers\_tmp_clip_ndvi_summer_train.tif to data\silver\layers\ndvi_summer_train.tif
2026-07-13 21:33:05 - wildfire_susceptibility - INFO - [summer][train] NDVI ready -> ndvi_summer_train.tif
2026-07-13 21:33:07 - wildfire_susceptibility.core.raster - INFO - Aligned data\silver\layers\_tmp_native_tas_summer_test.tif to reference, to data\silver\layers\_tmp_clip_tas_summer_test.tif
2026-07-13 21:33:08 - wildfire_susceptibility.core.raster - INFO - Clipped data\silver\layers\_tmp_clip_tas_summer_test.tif to data\silver\layers\meteo_tas_summer_test.tif
2026-07-13 21:33:08 - wildfire_susceptibility - INFO - [summer][test] Climate feature ready: tas: meteo_tas_summer_test.tif
2026-07-13 21:33:10 - wildfire_susceptibility.core.raster - INFO - Aligned data\silver\layers\_tmp_native_tasmax_summer_test.tif to reference, to data\silver\layers\_tmp_clip_tasmax_summer_test.tif
2026-07-13 21:33:11 - wildfire_susceptibility.core.raster - INFO - Clipped data\silver\layers\_tmp_clip_tasmax_summer_test.tif to data\silver\layers\meteo_tasmax_summer_test.tif
2026-07-13 21:33:11 - wildfire_susceptibility - INFO - [summer][test] Climate feature ready: tasmax: meteo_tasmax_summer_test.tif
2026-07-13 21:33:13 - wildfire_susceptibility.core.raster - INFO - Aligned data\silver\layers\_tmp_native_tasmin_summer_test.tif to reference, to data\silver\layers\_tmp_clip_tasmin_summer_test.tif
2026-07-13 21:33:14 - wildfire_susceptibility.core.raster - INFO - Clipped data\silver\layers\_tmp_clip_tasmin_summer_test.tif to data\silver\layers\meteo_tasmin_summer_test.tif
2026-07-13 21:33:14 - wildfire_susceptibility - INFO - [summer][test] Climate feature ready: tasmin: meteo_tasmin_summer_test.tif
2026-07-13 21:33:16 - wildfire_susceptibility.core.raster - INFO - Aligned data\silver\layers\_tmp_native_rainfall_summer_test.tif to reference, to data\silver\layers\_tmp_clip_rainfall_summer_test.tif
2026-07-13 21:33:17 - wildfire_susceptibility.core.raster - INFO - Clipped data\silver\layers\_tmp_clip_rainfall_summer_test.tif to data\silver\layers\meteo_rainfall_summer_test.tif
2026-07-13 21:33:17 - wildfire_susceptibility - INFO - [summer][test] Climate feature ready: rainfall: meteo_rainfall_summer_test.tif
2026-07-13 21:33:19 - wildfire_susceptibility.core.raster - INFO - Aligned data\silver\layers\_tmp_native_sfcWind_summer_test.tif to reference, to data\silver\layers\_tmp_clip_sfcWind_summer_test.tif
2026-07-13 21:33:20 - wildfire_susceptibility.core.raster - INFO - Clipped data\silver\layers\_tmp_clip_sfcWind_summer_test.tif to data\silver\layers\meteo_sfcWind_summer_test.tif
2026-07-13 21:33:20 - wildfire_susceptibility - INFO - [summer][test] Climate feature ready: sfcWind: meteo_sfcWind_summer_test.tif
2026-07-13 21:33:22 - wildfire_susceptibility.core.raster - INFO - Aligned data\silver\layers\_tmp_native_hurs_summer_test.tif to reference, to data\silver\layers\_tmp_clip_hurs_summer_test.tif
2026-07-13 21:33:23 - wildfire_susceptibility.core.raster - INFO - Clipped data\silver\layers\_tmp_clip_hurs_summer_test.tif to data\silver\layers\meteo_hurs_summer_test.tif
2026-07-13 21:33:23 - wildfire_susceptibility - INFO - [summer][test] Climate feature ready: hurs: meteo_hurs_summer_test.tif
2026-07-13 21:33:24 - wildfire_susceptibility.core.raster - INFO - Aligned data\silver\layers\_tmp_native_diurnal_range_summer_test.tif to reference, to data\silver\layers\_tmp_clip_diurnal_range_summer_test.tif
2026-07-13 21:33:25 - wildfire_susceptibility.core.raster - INFO - Clipped data\silver\layers\_tmp_clip_diurnal_range_summer_test.tif to data\silver\layers\meteo_diurnal_range_summer_test.tif
2026-07-13 21:33:27 - wildfire_susceptibility.core.raster - INFO - Aligned data\silver\layers\_tmp_ndvi_native_summer_test.tif to reference, to data\silver\layers\_tmp_clip_ndvi_summer_test.tif
2026-07-13 21:33:28 - wildfire_susceptibility.core.raster - INFO - Clipped data\silver\layers\_tmp_clip_ndvi_summer_test.tif to data\silver\layers\ndvi_summer_test.tif
2026-07-13 21:33:28 - wildfire_susceptibility - INFO - [summer][test] NDVI ready -> ndvi_summer_test.tif
2026-07-13 21:33:28 - wildfire_susceptibility - INFO - === Stage complete: seasonal ===
2026-07-13 21:33:28 - wildfire_susceptibility - INFO - === Running stage: labels ===
2026-07-13 21:33:28 - wildfire_susceptibility - INFO - [stage_labels] [summer] Building fire labels...
2026-07-13 21:33:28 - wildfire_susceptibility - INFO - Rows remaining after month filter: 13872
2026-07-13 21:33:31 - wildfire_susceptibility - INFO - [summer_train][convolution][gmm] class counts: {0: 862036, 1: 296312, 2: 71034, 3: 10820} | zero-density (unlabelled) cells: 2610933 | out-of-domain NaN cells: 2606923 | thresholds: [0.004000000189989805, 0.02160000056028366, 0.06469999998807907]
2026-07-13 21:33:32 - wildfire_susceptibility - INFO - [summer_test][convolution][gmm] applied FROZEN fit from paired split (no refit).
2026-07-13 21:33:32 - wildfire_susceptibility - INFO - [summer_test][convolution][gmm] class counts: {0: 647932, 1: 182014, 2: 25277, 3: 2880} | zero-density (unlabelled) cells: 2993032 | out-of-domain NaN cells: 2606923 | thresholds: [0.004000000189989805, 0.02160000056028366, 0.06469999998807907]
2026-07-13 21:33:32 - wildfire_susceptibility - INFO - === Stage complete: labels ===
2026-07-13 21:33:32 - wildfire_susceptibility - INFO - === Running stage: integration ===
2026-07-13 21:34:43 - wildfire_susceptibility.core.raster - INFO - Dataset saved to data\silver\model_datasets\dataset_train_summer.csv (3,851,135 rows, 18 columns)
2026-07-13 21:34:43 - wildfire_susceptibility - INFO - [stage_integration] [summer][train] Assembled -> dataset_train_summer.csv
2026-07-13 21:35:55 - wildfire_susceptibility.core.raster - INFO - Dataset saved to data\silver\model_datasets\dataset_test_summer.csv (3,851,135 rows, 18 columns)
2026-07-13 21:35:55 - wildfire_susceptibility - INFO - [stage_integration] [summer][test] Assembled -> dataset_test_summer.csv
2026-07-13 21:35:55 - wildfire_susceptibility - INFO - === Stage complete: integration ===
2026-07-13 21:39:38 - wildfire_susceptibility - INFO - Logger initialized: wildfire_susceptibility
2026-07-13 21:39:38 - wildfire_susceptibility - INFO - === Running stage: static ===
2026-07-13 21:39:38 - wildfire_susceptibility - INFO - [stage_static] Building static features...
2026-07-13 21:39:38 - wildfire_susceptibility.utils.checkpoint - INFO - [CACHED] BoundaryBuilder: outputs already exist, skipping computation
2026-07-13 21:39:38 - wildfire_susceptibility.utils.checkpoint - INFO - [CACHED] TopographyBuilder: outputs already exist, skipping computation
2026-07-13 21:39:38 - wildfire_susceptibility.utils.checkpoint - INFO - [CACHED] ProximityBuilder: outputs already exist, skipping computation
2026-07-13 21:39:38 - wildfire_susceptibility - INFO - [stage_static] Complete — 9 output path(s).
2026-07-13 21:39:38 - wildfire_susceptibility - INFO - === Stage complete: static ===
2026-07-13 21:39:38 - wildfire_susceptibility - INFO - === Running stage: seasonal ===
2026-07-13 21:39:38 - wildfire_susceptibility - INFO - [stage_seasonal] [spring] Building seasonal features...
2026-07-13 21:39:43 - wildfire_susceptibility.core.raster - INFO - Aligned data\silver\layers\_tmp_native_tas_spring_train.tif to reference, to data\silver\layers\_tmp_clip_tas_spring_train.tif
2026-07-13 21:39:44 - wildfire_susceptibility.core.raster - INFO - Clipped data\silver\layers\_tmp_clip_tas_spring_train.tif to data\silver\layers\meteo_tas_spring_train.tif
2026-07-13 21:39:44 - wildfire_susceptibility - INFO - [spring][train] Climate feature ready: tas: meteo_tas_spring_train.tif
2026-07-13 21:40:07 - wildfire_susceptibility - INFO - Logger initialized: wildfire_susceptibility
2026-07-13 21:40:07 - wildfire_susceptibility - INFO - === Running stage: preprocessing ===
2026-07-13 21:45:37 - wildfire_susceptibility - INFO - Logger initialized: wildfire_susceptibility
2026-07-13 21:45:37 - wildfire_susceptibility - INFO - === Running stage: preprocessing ===
2026-07-13 21:46:18 - wildfire_susceptibility - INFO - Logger initialized: wildfire_susceptibility
2026-07-13 21:46:18 - wildfire_susceptibility - INFO - === Running stage: preprocessing ===
